AÑO,PERIODO,FECHA ENVIO,CODIGO ENTIDAD,ENTIDAD,CODIGO LINEA,LINEA INTERVENCION,CODIGO SERVICIO,NOMBRE SERVICIO,UBIGEO,DEPARTAMENTO,PROVINCIA,DISTRITO,CODIGO CENTRO ATENCION,NOMBRE CENTRO ATENCION,N° DE CEM,N° CASOS ATENDIDOS-TOTAL,N° CASOS ATENDIDOS - HOMBRES - TOTAL,N° CASOS ATENDIDOS - MUJERES - TOTAL,N° CASOS ATENDIDOS - VIOLENCIA PSICOLOGICA,N° CASOS ATENDIDOS - VIOLENCIA FISICA,N° CASOS ATENDIDOS - VIOLENCIA SEXUAL,N° CASOS ATENDIDOS - VIOLENCIA ECONÓMICA O PATRIMONIAL,N° CASOS ATENDIDOS - 0_5 - TOTAL,N° CASOS ATENDIDOS - 0_5 - HOMBRES,N° CASOS ATENDIDOS - 0_5 - MUJERES,N° CASOS ATENDIDOS - 6_11 - TOTAL,N° CASOS ATENDIDOS - 6_11 - HOMBRES,N° CASOS ATENDIDOS - 6_11 - MUJERES,N° CASOS ATENDIDOS - 12_17 - TOTAL,N° CASOS ATENDIDOS - 12_17 - HOMBRES,N° CASOS ATENDIDOS - 12_17 - MUJERES,N° CASOS ATENDIDOS - 18_25 - TOTAL,N° CASOS ATENDIDOS - 18_25  - HOMBRES,N° CASOS ATENDIDOS - 18_25 - MUJERES,N° CASOS ATENDIDOS - 18_29 - TOTAL,N° CASOS ATENDIDOS - 18_29  - HOMBRES,N° CASOS ATENDIDOS - 18_29 - MUJERES,N° CASOS ATENDIDOS - 26_35 - TOTAL,N° CASOS ATENDIDOS - 26_35 - HOMBRES,N° CASOS ATENDIDOS - 26_35 - MUJERES,N° CASOS ATENDIDOS - 36_45 - TOTAL,N° CASOS ATENDIDOS - 36_45 - HOMBRES,N° CASOS ATENDIDOS - 36_45 - MUJERES,N° CASOS ATENDIDOS - 30_59 - TOTAL,N° CASOS ATENDIDOS - 30_59 - HOMBRES,N° CASOS ATENDIDOS - 30_59 - MUJERES,N° CASOS ATENDIDOS - 46_59 - TOTAL,N° CASOS ATENDIDOS - 46_59 - HOMBRES,N° CASOS ATENDIDOS - 46_59 - MUJERES,N° CASOS ATENDIDOS - 60_MÁS - TOTAL,N° CASOS ATENDIDOS - 60_MÁS - HOMBRES,N° CASOS ATENDIDOS - 60_MÁS - MUJERES,N° DE ACTIVIDADES - TOTAL
2015,ENE - DIC,11/01/2016,ENT001,PROGRAMA NACIONAL PARA LA PREVENCIÓN Y ERRADICACIÓN DE LA VIOLENCIA CONTRA LA MUJER E INTEGRANTES DEL GRUPO FAMILIAR,LIN001,ATENCIÓN INTEGRAL Y MULTIDISCIPLINARIA PARA VICTIMAS DE VIOLENCIA,SER001,CENTRO EMERGENCIA MUJER,30101,APURÍMAC,ABANCAY,ABANCAY,CEM001,ABANCAY,1.0,148,8.0,140,124,23,1.0,,1.0,,,4.0,,,12.0,,,16.0,,,,,,50.0,,,37.0,,,,,,20.0,,,8.0,,,"7,262"
2015,ENE - DIC,11/01/2016,ENT001,PROGRAMA NACIONAL PARA LA PREVENCIÓN Y ERRADICACIÓN DE LA VIOLENCIA CONTRA LA MUJER E INTEGRANTES DEL GRUPO FAMILIAR,LIN001,ATENCIÓN INTEGRAL Y MULTIDISCIPLINARIA PARA VICTIMAS DE VIOLENCIA,SER001,CENTRO EMERGENCIA MUJER,90201,HUANCAVELICA,ACOBAMBA,ACOBAMBA,CEM002,ACOBAMBA,1.0,171,15.0,156,50,105,16.0,,12.0,,,13.0,,,24.0,,,29.0,,,,,,39.0,,,22.0,,,,,,17.0,,,15.0,,,"10,561"
2015,ENE - DIC,11/01/2016,ENT001,PROGRAMA NACIONAL PARA LA PREVENCIÓN Y ERRADICACIÓN DE LA VIOLENCIA CONTRA LA MUJER E INTEGRANTES DEL GRUPO FAMILIAR,LIN001,ATENCIÓN INTEGRAL Y MULTIDISCIPLINARIA PARA VICTIMAS DE VIOLENCIA,SER001,CENTRO EMERGENCIA MUJER,100201,HUÁNUCO,AMBO,AMBO,CEM003,AMBO,1.0,216,26.0,190,81,117,18.0,,15.0,,,13.0,,,18.0,,,50.0,,,,,,41.0,,,46.0,,,,,,27.0,,,6.0,,,"17,810"
2015,ENE - DIC,11/01/2016,ENT001,PROGRAMA NACIONAL PARA LA PREVENCIÓN Y ERRADICACIÓN DE LA VIOLENCIA CONTRA LA MUJER E INTEGRANTES DEL GRUPO FAMILIAR,LIN001,ATENCIÓN INTEGRAL Y MULTIDISCIPLINARIA PARA VICTIMAS DE VIOLENCIA,SER001,CENTRO EMERGENCIA MUJER,30201,APURÍMAC,ANDAHUAYLAS,ANDAHUAYLAS,CEM004,ANDAHUAYLAS,1.0,366,54.0,312,273,74,19.0,,10.0,,,35.0,,,44.0,,,44.0,,,,,,103.0,,,65.0,,,,,,49.0,,,16.0,,,"4,925"
2015,ENE - DIC,11/01/2016,ENT001,PROGRAMA NACIONAL PARA LA PREVENCIÓN Y ERRADICACIÓN DE LA VIOLENCIA CONTRA LA MUJER E INTEGRANTES DEL GRUPO FAMILIAR,LIN001,ATENCIÓN INTEGRAL Y MULTIDISCIPLINARIA PARA VICTIMAS DE VIOLENCIA,SER001,CENTRO EMERGENCIA MUJER,30301,APURÍMAC,ANTABAMBA,ANTABAMBA,CEM005,ANTABAMBA,1.0,101,17.0,84,43,56,2.0,,4.0,,,14.0,,,9.0,,,8.0,,,,,,16.0,,,24.0,,,,,,17.0,,,9.0,,,"2,378"
2015,ENE - DIC,11/01/2016,ENT001,PROGRAMA NACIONAL PARA LA PREVENCIÓN Y ERRADICACIÓN DE LA VIOLENCIA CONTRA LA MUJER E INTEGRANTES DEL GRUPO FAMILIAR,LIN001,ATENCIÓN INTEGRAL Y MULTIDISCIPLINARIA PARA VICTIMAS DE VIOLENCIA,SER001,CENTRO EMERGENCIA MUJER,200201,PIURA,AYABACA,AYABACA,CEM006,AYABACA,1.0,152,12.0,140,46,87,19.0,,6.0,,,22.0,,,24.0,,,23.0,,,,,,36.0,,,22.0,,,,,,15.0,,,4.0,,,"2,751"
2015,ENE - DIC,11/01/2016,ENT001,PROGRAMA NACIONAL PARA LA PREVENCIÓN Y ERRADICACIÓN DE LA VIOLENCIA CONTRA LA MUJER E INTEGRANTES DEL GRUPO FAMILIAR,LIN001,ATENCIÓN INTEGRAL Y MULTIDISCIPLINARIA PARA VICTIMAS DE VIOLENCIA,SER001,CENTRO EMERGENCIA MUJER,50101,AYACUCHO,HUAMANGA,AYACUCHO,CEM007,HUAMANGA,1.0,428,21.0,407,237,171,20.0,,2.0,,,22.0,,,31.0,,,68.0,,,,,,101.0,,,119.0,,,,,,60.0,,,25.0,,,"7,016"
2015,ENE - DIC,11/01/2016,ENT001,PROGRAMA NACIONAL PARA LA PREVENCIÓN Y ERRADICACIÓN DE LA VIOLENCIA CONTRA LA MUJER E INTEGRANTES DEL GRUPO FAMILIAR,LIN001,ATENCIÓN INTEGRAL Y MULTIDISCIPLINARIA PARA VICTIMAS DE VIOLENCIA,SER001,CENTRO EMERGENCIA MUJER,10201,AMAZONAS,BAGUA,BAGUA,CEM008,BAGUA,1.0,219,50.0,169,98,86,35.0,,8.0,,,35.0,,,45.0,,,27.0,,,,,,48.0,,,24.0,,,,,,15.0,,,17.0,,,"6,302"
2015,ENE - DIC,11/01/2016,ENT001,PROGRAMA NACIONAL PARA LA PREVENCIÓN Y ERRADICACIÓN DE LA VIOLENCIA CONTRA LA MUJER E INTEGRANTES DEL GRUPO FAMILIAR,LIN001,ATENCIÓN INTEGRAL Y MULTIDISCIPLINARIA PARA VICTIMAS DE VIOLENCIA,SER001,CENTRO EMERGENCIA MUJER,60101,CAJAMARCA,CAJAMARCA,CAJAMARCA,CEM009,CAJAMARCA,1.0,304,48.0,256,181,110,13.0,,22.0,,,53.0,,,19.0,,,49.0,,,,,,67.0,,,51.0,,,,,,24.0,,,19.0,,,"4,865"
2015,ENE - DIC,11/01/2016,ENT001,PROGRAMA NACIONAL PARA LA PREVENCIÓN Y ERRADICACIÓN DE LA VIOLENCIA CONTRA LA MUJER E INTEGRANTES DEL GRUPO FAMILIAR,LIN001,ATENCIÓN INTEGRAL Y MULTIDISCIPLINARIA PARA VICTIMAS DE VIOLENCIA,SER001,CENTRO EMERGENCIA MUJER,70101,CALLAO,CALLAO,CALLAO,CEM010,CALLAO,1.0,281,54.0,227,151,77,53.0,,13.0,,,70.0,,,53.0,,,30.0,,,,,,46.0,,,33.0,,,,,,23.0,,,13.0,,,"13,091"
2015,ENE - DIC,11/01/2016,ENT001,PROGRAMA NACIONAL PARA LA PREVENCIÓN Y ERRADICACIÓN DE LA VIOLENCIA CONTRA LA MUJER E INTEGRANTES DEL GRUPO FAMILIAR,LIN001,ATENCIÓN INTEGRAL Y MULTIDISCIPLINARIA PARA VICTIMAS DE VIOLENCIA,SER001,CENTRO EMERGENCIA MUJER,40201,AREQUIPA,CAMANÁ,CAMANÁ,CEM011,CAMANA,1.0,330,69.0,261,137,143,50.0,,31.0,,,103.0,,,69.0,,,22.0,,,,,,51.0,,,32.0,,,,,,14.0,,,8.0,,,"13,453"
2015,ENE - DIC,11/01/2016,ENT001,PROGRAMA NACIONAL PARA LA PREVENCIÓN Y ERRADICACIÓN DE LA VIOLENCIA CONTRA LA MUJER E INTEGRANTES DEL GRUPO FAMILIAR,LIN001,ATENCIÓN INTEGRAL Y MULTIDISCIPLINARIA PARA VICTIMAS DE VIOLENCIA,SER001,CENTRO EMERGENCIA MUJER,50201,AYACUCHO,CANGALLO,CANGALLO,CEM012,CANGALLO,1.0,221,32.0,189,84,110,27.0,,7.0,,,23.0,,,37.0,,,17.0,,,,,,48.0,,,40.0,,,,,,35.0,,,14.0,,,"6,250"
2015,ENE - DIC,11/01/2016,ENT001,PROGRAMA NACIONAL PARA LA PREVENCIÓN Y ERRADICACIÓN DE LA VIOLENCIA CONTRA LA MUJER E INTEGRANTES DEL GRUPO FAMILIAR,LIN001,ATENCIÓN INTEGRAL Y MULTIDISCIPLINARIA PARA VICTIMAS DE VIOLENCIA,SER001,CENTRO EMERGENCIA MUJER,150507,LIMA PROVINCIAS,CAÑETE,IMPERIAL,CEM013,IMPERIAL,1.0,488,98.0,390,254,177,57.0,,43.0,,,107.0,,,75.0,,,61.0,,,,,,79.0,,,66.0,,,,,,39.0,,,18.0,,,"9,679"
2015,ENE - DIC,11/01/2016,ENT001,PROGRAMA NACIONAL PARA LA PREVENCIÓN Y ERRADICACIÓN DE LA VIOLENCIA CONTRA LA MUJER E INTEGRANTES DEL GRUPO FAMILIAR,LIN001,ATENCIÓN INTEGRAL Y MULTIDISCIPLINARIA PARA VICTIMAS DE VIOLENCIA,SER001,CENTRO EMERGENCIA MUJER,150106,LIMA METROPOLITANA,LIMA,CARABAYLLO,CEM014,CARABAYLLO,1.0,304,41.0,263,105,125,74.0,,18.0,,,63.0,,,52.0,,,33.0,,,,,,46.0,,,57.0,,,,,,18.0,,,17.0,,,"7,445"
2015,ENE - DIC,11/01/2016,ENT001,PROGRAMA NACIONAL PARA LA PREVENCIÓN Y ERRADICACIÓN DE LA VIOLENCIA CONTRA LA MUJER E INTEGRANTES DEL GRUPO FAMILIAR,LIN001,ATENCIÓN INTEGRAL Y MULTIDISCIPLINARIA PARA VICTIMAS DE VIOLENCIA,SER001,CENTRO EMERGENCIA MUJER,40101,AREQUIPA,AREQUIPA,AREQUIPA,CEM015,AREQUIPA,1.0,581,26.0,555,303,211,67.0,,17.0,,,47.0,,,60.0,,,58.0,,,,,,162.0,,,129.0,,,,,,86.0,,,22.0,,,"7,115"
2015,ENE - DIC,11/01/2016,ENT001,PROGRAMA NACIONAL PARA LA PREVENCIÓN Y ERRADICACIÓN DE LA VIOLENCIA CONTRA LA MUJER E INTEGRANTES DEL GRUPO FAMILIAR,LIN001,ATENCIÓN INTEGRAL Y MULTIDISCIPLINARIA PARA VICTIMAS DE VIOLENCIA,SER001,CENTRO EMERGENCIA MUJER,10101,AMAZONAS,CHACHAPOYAS,CHACHAPOYAS,CEM016,CHACHAPOYAS,1.0,171,20.0,151,84,74,13.0,,10.0,,,23.0,,,21.0,,,34.0,,,,,,45.0,,,25.0,,,,,,10.0,,,3.0,,,"3,906"
2015,ENE - DIC,11/01/2016,ENT001,PROGRAMA NACIONAL PARA LA PREVENCIÓN Y ERRADICACIÓN DE LA VIOLENCIA CONTRA LA MUJER E INTEGRANTES DEL GRUPO FAMILIAR,LIN001,ATENCIÓN INTEGRAL Y MULTIDISCIPLINARIA PARA VICTIMAS DE VIOLENCIA,SER001,CENTRO EMERGENCIA MUJER,120301,JUNÍN,CHANCHAMAYO,CHANCHAMAYO,CEM017,CHANCHAMAYO,1.0,339,33.0,306,125,134,80.0,,8.0,,,41.0,,,63.0,,,50.0,,,,,,70.0,,,65.0,,,,,,31.0,,,11.0,,,"6,825"
2015,ENE - DIC,11/01/2016,ENT001,PROGRAMA NACIONAL PARA LA PREVENCIÓN Y ERRADICACIÓN DE LA VIOLENCIA CONTRA LA MUJER E INTEGRANTES DEL GRUPO FAMILIAR,LIN001,ATENCIÓN INTEGRAL Y MULTIDISCIPLINARIA PARA VICTIMAS DE VIOLENCIA,SER001,CENTRO EMERGENCIA MUJER,140101,LAMBAYEQUE,CHICLAYO,CHICLAYO,CEM018,CHICLAYO,1.0,303,35.0,268,221,55,27.0,,17.0,,,36.0,,,32.0,,,43.0,,,,,,63.0,,,57.0,,,,,,36.0,,,19.0,,,"6,752"
2015,ENE - DIC,11/01/2016,ENT001,PROGRAMA NACIONAL PARA LA PREVENCIÓN Y ERRADICACIÓN DE LA VIOLENCIA CONTRA LA MUJER E INTEGRANTES DEL GRUPO FAMILIAR,LIN001,ATENCIÓN INTEGRAL Y MULTIDISCIPLINARIA PARA VICTIMAS DE VIOLENCIA,SER001,CENTRO EMERGENCIA MUJER,120107,JUNÍN,HUANCAYO,CHILCA,CEM019,CHILCA,1.0,508,83.0,425,339,138,31.0,,26.0,,,72.0,,,74.0,,,81.0,,,,,,117.0,,,79.0,,,,,,51.0,,,8.0,,,"6,985"
2015,ENE - DIC,11/01/2016,ENT001,PROGRAMA NACIONAL PARA LA PREVENCIÓN Y ERRADICACIÓN DE LA VIOLENCIA CONTRA LA MUJER E INTEGRANTES DEL GRUPO FAMILIAR,LIN001,ATENCIÓN INTEGRAL Y MULTIDISCIPLINARIA PARA VICTIMAS DE VIOLENCIA,SER001,CENTRO EMERGENCIA MUJER,21801,ÁNCASH,SANTA,CHIMBOTE,CEM020,CHIMBOTE,1.0,189,21.0,168,158,27,4.0,,6.0,,,10.0,,,18.0,,,30.0,,,,,,54.0,,,31.0,,,,,,33.0,,,7.0,,,"3,665"
2015,ENE - DIC,11/01/2016,ENT001,PROGRAMA NACIONAL PARA LA PREVENCIÓN Y ERRADICACIÓN DE LA VIOLENCIA CONTRA LA MUJER E INTEGRANTES DEL GRUPO FAMILIAR,LIN001,ATENCIÓN INTEGRAL Y MULTIDISCIPLINARIA PARA VICTIMAS DE VIOLENCIA,SER001,CENTRO EMERGENCIA MUJER,30601,APURÍMAC,CHINCHEROS,CHINCHEROS,CEM021,CHINCHEROS,1.0,366,58.0,308,197,142,27.0,,18.0,,,38.0,,,46.0,,,56.0,,,,,,62.0,,,68.0,,,,,,60.0,,,18.0,,,"25,476"
2015,ENE - DIC,11/01/2016,ENT001,PROGRAMA NACIONAL PARA LA PREVENCIÓN Y ERRADICACIÓN DE LA VIOLENCIA CONTRA LA MUJER E INTEGRANTES DEL GRUPO FAMILIAR,LIN001,ATENCIÓN INTEGRAL Y MULTIDISCIPLINARIA PARA VICTIMAS DE VIOLENCIA,SER001,CENTRO EMERGENCIA MUJER,40501,AREQUIPA,CAYLLOMA,CHIVAY,CEM022,CHIVAY,1.0,102,6.0,96,37,55,10.0,,4.0,,,12.0,,,13.0,,,11.0,,,,,,22.0,,,20.0,,,,,,11.0,,,9.0,,,"2,166"
2015,ENE - DIC,11/01/2016,ENT001,PROGRAMA NACIONAL PARA LA PREVENCIÓN Y ERRADICACIÓN DE LA VIOLENCIA CONTRA LA MUJER E INTEGRANTES DEL GRUPO FAMILIAR,LIN001,ATENCIÓN INTEGRAL Y MULTIDISCIPLINARIA PARA VICTIMAS DE VIOLENCIA,SER001,CENTRO EMERGENCIA MUJER,130203,LA LIBERTAD,ASCOPE,CHOCOPE,CEM023,CHOCOPE,1.0,412,108.0,304,138,206,68.0,,46.0,,,108.0,,,104.0,,,28.0,,,,,,54.0,,,29.0,,,,,,16.0,,,27.0,,,"16,988"
2015,ENE - DIC,11/01/2016,ENT001,PROGRAMA NACIONAL PARA LA PREVENCIÓN Y ERRADICACIÓN DE LA VIOLENCIA CONTRA LA MUJER E INTEGRANTES DEL GRUPO FAMILIAR,LIN001,ATENCIÓN INTEGRAL Y MULTIDISCIPLINARIA PARA VICTIMAS DE VIOLENCIA,SER001,CENTRO EMERGENCIA MUJER,60401,CAJAMARCA,CHOTA,CHOTA,CEM024,CHOTA,1.0,208,34.0,174,100,92,16.0,,10.0,,,19.0,,,35.0,,,29.0,,,,,,46.0,,,35.0,,,,,,21.0,,,13.0,,,"5,627"
2015,ENE - DIC,11/01/2016,ENT001,PROGRAMA NACIONAL PARA LA PREVENCIÓN Y ERRADICACIÓN DE LA VIOLENCIA CONTRA LA MUJER E INTEGRANTES DEL GRUPO FAMILIAR,LIN001,ATENCIÓN INTEGRAL Y MULTIDISCIPLINARIA PARA VICTIMAS DE VIOLENCIA,SER001,CENTRO EMERGENCIA MUJER,200401,PIURA,MORROPÓN,CHULUCANAS,CEM025,CHULUCANAS,1.0,412,48.0,364,250,146,16.0,,11.0,,,34.0,,,51.0,,,76.0,,,,,,118.0,,,63.0,,,,,,40.0,,,19.0,,,"4,022"
2015,ENE - DIC,11/01/2016,ENT001,PROGRAMA NACIONAL PARA LA PREVENCIÓN Y ERRADICACIÓN DE LA VIOLENCIA CONTRA LA MUJER E INTEGRANTES DEL GRUPO FAMILIAR,LIN001,ATENCIÓN INTEGRAL Y MULTIDISCIPLINARIA PARA VICTIMAS DE VIOLENCIA,SER001,CENTRO EMERGENCIA MUJER,80701,CUSCO,CHUMBIVILCAS,SANTO TOMÁS,CEM026,CHUMBIVILCAS,1.0,247,45.0,202,68,148,31.0,,7.0,,,25.0,,,32.0,,,40.0,,,,,,56.0,,,43.0,,,,,,34.0,,,10.0,,,"5,552"
2015,ENE - DIC,11/01/2016,ENT001,PROGRAMA NACIONAL PARA LA PREVENCIÓN Y ERRADICACIÓN DE LA VIOLENCIA CONTRA LA MUJER E INTEGRANTES DEL GRUPO FAMILIAR,LIN001,ATENCIÓN INTEGRAL Y MULTIDISCIPLINARIA PARA VICTIMAS DE VIOLENCIA,SER001,CENTRO EMERGENCIA MUJER,30701,APURÍMAC,GRAU,CHUQUIBAMBILLA,CEM027,CHUQUIBAMBILLA,1.0,113,21.0,92,30,75,8.0,,5.0,,,18.0,,,22.0,,,15.0,,,,,,25.0,,,15.0,,,,,,9.0,,,4.0,,,"5,010"
2015,ENE - DIC,11/01/2016,ENT001,PROGRAMA NACIONAL PARA LA PREVENCIÓN Y ERRADICACIÓN DE LA VIOLENCIA CONTRA LA MUJER E INTEGRANTES DEL GRUPO FAMILIAR,LIN001,ATENCIÓN INTEGRAL Y MULTIDISCIPLINARIA PARA VICTIMAS DE VIOLENCIA,SER001,CENTRO EMERGENCIA MUJER,90501,HUANCAVELICA,CHURCAMPA,CHURCAMPA,CEM028,CHURCAMPA,1.0,154,36.0,118,105,38,11.0,,18.0,,,33.0,,,24.0,,,11.0,,,,,,28.0,,,15.0,,,,,,20.0,,,5.0,,,"10,453"
2015,ENE - DIC,11/01/2016,ENT001,PROGRAMA NACIONAL PARA LA PREVENCIÓN Y ERRADICACIÓN DE LA VIOLENCIA CONTRA LA MUJER E INTEGRANTES DEL GRUPO FAMILIAR,LIN001,ATENCIÓN INTEGRAL Y MULTIDISCIPLINARIA PARA VICTIMAS DE VIOLENCIA,SER001,CENTRO EMERGENCIA MUJER,150110,LIMA METROPOLITANA,LIMA,COMAS,CEM029,COMAS,1.0,505,67.0,438,257,181,67.0,,23.0,,,83.0,,,76.0,,,52.0,,,,,,92.0,,,94.0,,,,,,45.0,,,40.0,,,"15,224"
2015,ENE - DIC,11/01/2016,ENT001,PROGRAMA NACIONAL PARA LA PREVENCIÓN Y ERRADICACIÓN DE LA VIOLENCIA CONTRA LA MUJER E INTEGRANTES DEL GRUPO FAMILIAR,LIN001,ATENCIÓN INTEGRAL Y MULTIDISCIPLINARIA PARA VICTIMAS DE VIOLENCIA,SER001,CENTRO EMERGENCIA MUJER,120201,JUNÍN,CONCEPCIÓN,CONCEPCIÓN,CEM030,CONCEPCION,1.0,197,18.0,179,89,86,22.0,,2.0,,,16.0,,,24.0,,,33.0,,,,,,49.0,,,33.0,,,,,,27.0,,,13.0,,,"7,964"
2015,ENE - DIC,11/01/2016,ENT001,PROGRAMA NACIONAL PARA LA PREVENCIÓN Y ERRADICACIÓN DE LA VIOLENCIA CONTRA LA MUJER E INTEGRANTES DEL GRUPO FAMILIAR,LIN001,ATENCIÓN INTEGRAL Y MULTIDISCIPLINARIA PARA VICTIMAS DE VIOLENCIA,SER001,CENTRO EMERGENCIA MUJER,80108,CUSCO,CUSCO,WANCHAQ,CEM031,CUSCO,1.0,"1,063",91.0,972,520,503,40.0,,30.0,,,59.0,,,70.0,,,171.0,,,,,,290.0,,,247.0,,,,,,151.0,,,45.0,,,"15,916"
2015,ENE - DIC,11/01/2016,ENT001,PROGRAMA NACIONAL PARA LA PREVENCIÓN Y ERRADICACIÓN DE LA VIOLENCIA CONTRA LA MUJER E INTEGRANTES DEL GRUPO FAMILIAR,LIN001,ATENCIÓN INTEGRAL Y MULTIDISCIPLINARIA PARA VICTIMAS DE VIOLENCIA,SER001,CENTRO EMERGENCIA MUJER,150111,LIMA METROPOLITANA,LIMA,EL AGUSTINO,CEM032,EL AGUSTINO,1.0,358,117.0,241,42,285,31.0,,64.0,,,89.0,,,56.0,,,16.0,,,,,,41.0,,,49.0,,,,,,24.0,,,19.0,,,"13,069"
2015,ENE - DIC,11/01/2016,ENT001,PROGRAMA NACIONAL PARA LA PREVENCIÓN Y ERRADICACIÓN DE LA VIOLENCIA CONTRA LA MUJER E INTEGRANTES DEL GRUPO FAMILIAR,LIN001,ATENCIÓN INTEGRAL Y MULTIDISCIPLINARIA PARA VICTIMAS DE VIOLENCIA,SER001,CENTRO EMERGENCIA MUJER,80801,CUSCO,ESPINAR,ESPINAR,CEM033,ESPINAR,1.0,286,16.0,270,101,173,12.0,,4.0,,,26.0,,,20.0,,,39.0,,,,,,82.0,,,67.0,,,,,,33.0,,,15.0,,,"8,001"
2015,ENE - DIC,11/01/2016,ENT001,PROGRAMA NACIONAL PARA LA PREVENCIÓN Y ERRADICACIÓN DE LA VIOLENCIA CONTRA LA MUJER E INTEGRANTES DEL GRUPO FAMILIAR,LIN001,ATENCIÓN INTEGRAL Y MULTIDISCIPLINARIA PARA VICTIMAS DE VIOLENCIA,SER001,CENTRO EMERGENCIA MUJER,140201,LAMBAYEQUE,FERREÑAFE,FERREÑAFE,CEM034,FERREÑAFE,1.0,152,23.0,129,110,39,3.0,,10.0,,,15.0,,,18.0,,,24.0,,,,,,36.0,,,28.0,,,,,,18.0,,,3.0,,,"5,133"
2015,ENE - DIC,11/01/2016,ENT001,PROGRAMA NACIONAL PARA LA PREVENCIÓN Y ERRADICACIÓN DE LA VIOLENCIA CONTRA LA MUJER E INTEGRANTES DEL GRUPO FAMILIAR,LIN001,ATENCIÓN INTEGRAL Y MULTIDISCIPLINARIA PARA VICTIMAS DE VIOLENCIA,SER001,CENTRO EMERGENCIA MUJER,150801,LIMA PROVINCIAS,HUAURA,HUACHO,CEM035,HUACHO,1.0,567,93.0,474,400,149,18.0,,9.0,,,106.0,,,84.0,,,80.0,,,,,,128.0,,,77.0,,,,,,56.0,,,27.0,,,"11,123"
2015,ENE - DIC,11/01/2016,ENT001,PROGRAMA NACIONAL PARA LA PREVENCIÓN Y ERRADICACIÓN DE LA VIOLENCIA CONTRA LA MUJER E INTEGRANTES DEL GRUPO FAMILIAR,LIN001,ATENCIÓN INTEGRAL Y MULTIDISCIPLINARIA PARA VICTIMAS DE VIOLENCIA,SER001,CENTRO EMERGENCIA MUJER,130901,LA LIBERTAD,SÁNCHEZ CARRIÓN,HUAMACHUCO,CEM036,HUAMACHUCO,1.0,261,27.0,234,64,156,41.0,,12.0,,,19.0,,,33.0,,,69.0,,,,,,63.0,,,44.0,,,,,,20.0,,,1.0,,,"6,839"
2015,ENE - DIC,11/01/2016,ENT001,PROGRAMA NACIONAL PARA LA PREVENCIÓN Y ERRADICACIÓN DE LA VIOLENCIA CONTRA LA MUJER E INTEGRANTES DEL GRUPO FAMILIAR,LIN001,ATENCIÓN INTEGRAL Y MULTIDISCIPLINARIA PARA VICTIMAS DE VIOLENCIA,SER001,CENTRO EMERGENCIA MUJER,50301,AYACUCHO,HUANCA SANCOS,SANCOS,CEM037,HUANCASANCOS,1.0,75,11.0,64,38,26,11.0,,1.0,,,4.0,,,8.0,,,9.0,,,,,,15.0,,,9.0,,,,,,17.0,,,12.0,,,"2,960"
2015,ENE - DIC,11/01/2016,ENT001,PROGRAMA NACIONAL PARA LA PREVENCIÓN Y ERRADICACIÓN DE LA VIOLENCIA CONTRA LA MUJER E INTEGRANTES DEL GRUPO FAMILIAR,LIN001,ATENCIÓN INTEGRAL Y MULTIDISCIPLINARIA PARA VICTIMAS DE VIOLENCIA,SER001,CENTRO EMERGENCIA MUJER,90101,HUANCAVELICA,HUANCAVELICA,HUANCAVELICA,CEM038,HUANCAVELICA,1.0,325,43.0,282,97,186,42.0,,15.0,,,21.0,,,49.0,,,38.0,,,,,,87.0,,,67.0,,,,,,34.0,,,14.0,,,"14,411"
2015,ENE - DIC,11/01/2016,ENT001,PROGRAMA NACIONAL PARA LA PREVENCIÓN Y ERRADICACIÓN DE LA VIOLENCIA CONTRA LA MUJER E INTEGRANTES DEL GRUPO FAMILIAR,LIN001,ATENCIÓN INTEGRAL Y MULTIDISCIPLINARIA PARA VICTIMAS DE VIOLENCIA,SER001,CENTRO EMERGENCIA MUJER,120101,JUNÍN,HUANCAYO,HUANCAYO,CEM039,HUANCAYO,1.0,"1,011",158.0,853,614,306,91.0,,52.0,,,131.0,,,115.0,,,117.0,,,,,,225.0,,,187.0,,,,,,126.0,,,58.0,,,"15,516"
2015,ENE - DIC,11/01/2016,ENT001,PROGRAMA NACIONAL PARA LA PREVENCIÓN Y ERRADICACIÓN DE LA VIOLENCIA CONTRA LA MUJER E INTEGRANTES DEL GRUPO FAMILIAR,LIN001,ATENCIÓN INTEGRAL Y MULTIDISCIPLINARIA PARA VICTIMAS DE VIOLENCIA,SER001,CENTRO EMERGENCIA MUJER,50401,AYACUCHO,HUANTA,HUANTA,CEM040,HUANTA,1.0,260,33.0,227,107,117,36.0,,3.0,,,14.0,,,38.0,,,53.0,,,,,,45.0,,,53.0,,,,,,30.0,,,24.0,,,"20,674"
2015,ENE - DIC,11/01/2016,ENT001,PROGRAMA NACIONAL PARA LA PREVENCIÓN Y ERRADICACIÓN DE LA VIOLENCIA CONTRA LA MUJER E INTEGRANTES DEL GRUPO FAMILIAR,LIN001,ATENCIÓN INTEGRAL Y MULTIDISCIPLINARIA PARA VICTIMAS DE VIOLENCIA,SER001,CENTRO EMERGENCIA MUJER,100102,HUÁNUCO,HUÁNUCO,AMARILIS,CEM041,HUANUCO,1.0,458,54.0,404,228,187,43.0,,28.0,,,59.0,,,54.0,,,83.0,,,,,,115.0,,,69.0,,,,,,31.0,,,19.0,,,"12,097"
2015,ENE - DIC,11/01/2016,ENT001,PROGRAMA NACIONAL PARA LA PREVENCIÓN Y ERRADICACIÓN DE LA VIOLENCIA CONTRA LA MUJER E INTEGRANTES DEL GRUPO FAMILIAR,LIN001,ATENCIÓN INTEGRAL Y MULTIDISCIPLINARIA PARA VICTIMAS DE VIOLENCIA,SER001,CENTRO EMERGENCIA MUJER,20101,ÁNCASH,HUARAZ,HUARAZ,CEM042,HUARAZ,1.0,193,21.0,172,65,100,28.0,,9.0,,,21.0,,,27.0,,,21.0,,,,,,38.0,,,33.0,,,,,,30.0,,,14.0,,,"4,201"
2015,ENE - DIC,11/01/2016,ENT001,PROGRAMA NACIONAL PARA LA PREVENCIÓN Y ERRADICACIÓN DE LA VIOLENCIA CONTRA LA MUJER E INTEGRANTES DEL GRUPO FAMILIAR,LIN001,ATENCIÓN INTEGRAL Y MULTIDISCIPLINARIA PARA VICTIMAS DE VIOLENCIA,SER001,CENTRO EMERGENCIA MUJER,21101,ÁNCASH,HUARMEY,HUARMEY,CEM043,HUARMEY,1.0,204,18.0,186,81,85,38.0,,9.0,,,29.0,,,31.0,,,36.0,,,,,,43.0,,,30.0,,,,,,17.0,,,9.0,,,"3,499"
2015,ENE - DIC,11/01/2016,ENT001,PROGRAMA NACIONAL PARA LA PREVENCIÓN Y ERRADICACIÓN DE LA VIOLENCIA CONTRA LA MUJER E INTEGRANTES DEL GRUPO FAMILIAR,LIN001,ATENCIÓN INTEGRAL Y MULTIDISCIPLINARIA PARA VICTIMAS DE VIOLENCIA,SER001,CENTRO EMERGENCIA MUJER,150701,LIMA PROVINCIAS,HUAROCHIRÍ,MATUCANA,CEM044,HUAROCHIRI,1.0,224,41.0,183,96,88,40.0,,12.0,,,43.0,,,60.0,,,20.0,,,,,,47.0,,,24.0,,,,,,11.0,,,7.0,,,"9,003"
2015,ENE - DIC,11/01/2016,ENT001,PROGRAMA NACIONAL PARA LA PREVENCIÓN Y ERRADICACIÓN DE LA VIOLENCIA CONTRA LA MUJER E INTEGRANTES DEL GRUPO FAMILIAR,LIN001,ATENCIÓN INTEGRAL Y MULTIDISCIPLINARIA PARA VICTIMAS DE VIOLENCIA,SER001,CENTRO EMERGENCIA MUJER,150103,LIMA METROPOLITANA,LIMA,ATE,CEM045,HUAYCAN,1.0,422,64.0,358,120,215,87.0,,38.0,,,69.0,,,87.0,,,40.0,,,,,,77.0,,,68.0,,,,,,33.0,,,10.0,,,"6,655"
2015,ENE - DIC,11/01/2016,ENT001,PROGRAMA NACIONAL PARA LA PREVENCIÓN Y ERRADICACIÓN DE LA VIOLENCIA CONTRA LA MUJER E INTEGRANTES DEL GRUPO FAMILIAR,LIN001,ATENCIÓN INTEGRAL Y MULTIDISCIPLINARIA PARA VICTIMAS DE VIOLENCIA,SER001,CENTRO EMERGENCIA MUJER,170204,MADRE DE DIOS,MANU,HUEPETUHE,CEM046,HUEPETUHE,1.0,107,10.0,97,72,28,7.0,,4.0,,,10.0,,,11.0,,,25.0,,,,,,32.0,,,20.0,,,,,,5.0,,,0.0,,,"12,532"
2015,ENE - DIC,11/01/2016,ENT001,PROGRAMA NACIONAL PARA LA PREVENCIÓN Y ERRADICACIÓN DE LA VIOLENCIA CONTRA LA MUJER E INTEGRANTES DEL GRUPO FAMILIAR,LIN001,ATENCIÓN INTEGRAL Y MULTIDISCIPLINARIA PARA VICTIMAS DE VIOLENCIA,SER001,CENTRO EMERGENCIA MUJER,170302,MADRE DE DIOS,TAHUAMANU,IBERIA,CEM047,IBERIA,1.0,106,5.0,101,28,62,16.0,,4.0,,,15.0,,,10.0,,,18.0,,,,,,31.0,,,14.0,,,,,,13.0,,,1.0,,,"3,608"
2015,ENE - DIC,11/01/2016,ENT001,PROGRAMA NACIONAL PARA LA PREVENCIÓN Y ERRADICACIÓN DE LA VIOLENCIA CONTRA LA MUJER E INTEGRANTES DEL GRUPO FAMILIAR,LIN001,ATENCIÓN INTEGRAL Y MULTIDISCIPLINARIA PARA VICTIMAS DE VIOLENCIA,SER001,CENTRO EMERGENCIA MUJER,110101,ICA,ICA,ICA,CEM048,ICA,1.0,446,117.0,329,167,231,48.0,,62.0,,,111.0,,,78.0,,,40.0,,,,,,62.0,,,51.0,,,,,,29.0,,,13.0,,,"12,719"
2015,ENE - DIC,11/01/2016,ENT001,PROGRAMA NACIONAL PARA LA PREVENCIÓN Y ERRADICACIÓN DE LA VIOLENCIA CONTRA LA MUJER E INTEGRANTES DEL GRUPO FAMILIAR,LIN001,ATENCIÓN INTEGRAL Y MULTIDISCIPLINARIA PARA VICTIMAS DE VIOLENCIA,SER001,CENTRO EMERGENCIA MUJER,210501,PUNO,EL COLLAO,ILAVE,CEM049,ILAVE,1.0,224,14.0,210,78,140,6.0,,0.0,,,3.0,,,17.0,,,42.0,,,,,,69.0,,,47.0,,,,,,26.0,,,20.0,,,"4,455"
2015,ENE - DIC,11/01/2016,ENT001,PROGRAMA NACIONAL PARA LA PREVENCIÓN Y ERRADICACIÓN DE LA VIOLENCIA CONTRA LA MUJER E INTEGRANTES DEL GRUPO FAMILIAR,LIN001,ATENCIÓN INTEGRAL Y MULTIDISCIPLINARIA PARA VICTIMAS DE VIOLENCIA,SER001,CENTRO EMERGENCIA MUJER,150112,LIMA METROPOLITANA,LIMA,INDEPENDENCIA                                           ,CEM050,INDEPENDENCIA,1.0,233,69.0,164,98,106,29.0,,44.0,,,68.0,,,41.0,,,17.0,,,,,,37.0,,,14.0,,,,,,6.0,,,6.0,,,"10,154"
2015,ENE - DIC,11/01/2016,ENT001,PROGRAMA NACIONAL PARA LA PREVENCIÓN Y ERRADICACIÓN DE LA VIOLENCIA CONTRA LA MUJER E INTEGRANTES DEL GRUPO FAMILIAR,LIN001,ATENCIÓN INTEGRAL Y MULTIDISCIPLINARIA PARA VICTIMAS DE VIOLENCIA,SER001,CENTRO EMERGENCIA MUJER,160108,LORETO,MAYNAS,PUNCHANA,CEM051,IQUITOS,1.0,500,49.0,451,316,136,48.0,,24.0,,,51.0,,,49.0,,,77.0,,,,,,134.0,,,103.0,,,,,,46.0,,,16.0,,,"7,879"
2015,ENE - DIC,11/01/2016,ENT001,PROGRAMA NACIONAL PARA LA PREVENCIÓN Y ERRADICACIÓN DE LA VIOLENCIA CONTRA LA MUJER E INTEGRANTES DEL GRUPO FAMILIAR,LIN001,ATENCIÓN INTEGRAL Y MULTIDISCIPLINARIA PARA VICTIMAS DE VIOLENCIA,SER001,CENTRO EMERGENCIA MUJER,60801,CAJAMARCA,JAÉN,JAÉN,CEM052,JAEN,1.0,268,14.0,254,161,82,25.0,,4.0,,,22.0,,,18.0,,,58.0,,,,,,68.0,,,68.0,,,,,,25.0,,,5.0,,,"6,060"
2015,ENE - DIC,11/01/2016,ENT001,PROGRAMA NACIONAL PARA LA PREVENCIÓN Y ERRADICACIÓN DE LA VIOLENCIA CONTRA LA MUJER E INTEGRANTES DEL GRUPO FAMILIAR,LIN001,ATENCIÓN INTEGRAL Y MULTIDISCIPLINARIA PARA VICTIMAS DE VIOLENCIA,SER001,CENTRO EMERGENCIA MUJER,120401,JUNÍN,JAUJA,JAUJA,CEM053,JAUJA,1.0,521,155.0,366,241,250,30.0,,73.0,,,120.0,,,86.0,,,57.0,,,,,,58.0,,,41.0,,,,,,36.0,,,50.0,,,"26,089"
2015,ENE - DIC,11/01/2016,ENT001,PROGRAMA NACIONAL PARA LA PREVENCIÓN Y ERRADICACIÓN DE LA VIOLENCIA CONTRA LA MUJER E INTEGRANTES DEL GRUPO FAMILIAR,LIN001,ATENCIÓN INTEGRAL Y MULTIDISCIPLINARIA PARA VICTIMAS DE VIOLENCIA,SER001,CENTRO EMERGENCIA MUJER,211101,PUNO,SAN ROMÁN,JULIACA,CEM054,JULIACA,1.0,343,13.0,330,148,186,9.0,,2.0,,,6.0,,,11.0,,,67.0,,,,,,109.0,,,103.0,,,,,,32.0,,,13.0,,,"5,705"
2015,ENE - DIC,11/01/2016,ENT001,PROGRAMA NACIONAL PARA LA PREVENCIÓN Y ERRADICACIÓN DE LA VIOLENCIA CONTRA LA MUJER E INTEGRANTES DEL GRUPO FAMILIAR,LIN001,ATENCIÓN INTEGRAL Y MULTIDISCIPLINARIA PARA VICTIMAS DE VIOLENCIA,SER001,CENTRO EMERGENCIA MUJER,80907,CUSCO,LA CONVENCIÓN,KIMBIRI,CEM055,KIMBIRI,1.0,169,6.0,163,104,47,18.0,,4.0,,,15.0,,,10.0,,,36.0,,,,,,47.0,,,37.0,,,,,,17.0,,,3.0,,,"10,933"
2015,ENE - DIC,11/01/2016,ENT001,PROGRAMA NACIONAL PARA LA PREVENCIÓN Y ERRADICACIÓN DE LA VIOLENCIA CONTRA LA MUJER E INTEGRANTES DEL GRUPO FAMILIAR,LIN001,ATENCIÓN INTEGRAL Y MULTIDISCIPLINARIA PARA VICTIMAS DE VIOLENCIA,SER001,CENTRO EMERGENCIA MUJER,130105,LA LIBERTAD,TRUJILLO,LA ESPERANZA,CEM056,LA ESPERANZA,1.0,437,99.0,338,162,233,42.0,,53.0,,,88.0,,,55.0,,,50.0,,,,,,80.0,,,67.0,,,,,,32.0,,,12.0,,,"12,085"
2015,ENE - DIC,11/01/2016,ENT001,PROGRAMA NACIONAL PARA LA PREVENCIÓN Y ERRADICACIÓN DE LA VIOLENCIA CONTRA LA MUJER E INTEGRANTES DEL GRUPO FAMILIAR,LIN001,ATENCIÓN INTEGRAL Y MULTIDISCIPLINARIA PARA VICTIMAS DE VIOLENCIA,SER001,CENTRO EMERGENCIA MUJER,50501,AYACUCHO,LA MAR,SAN MIGUEL,CEM057,LA MAR,1.0,164,15.0,149,83,77,4.0,,5.0,,,20.0,,,19.0,,,24.0,,,,,,38.0,,,26.0,,,,,,22.0,,,10.0,,,"7,529"
2015,ENE - DIC,11/01/2016,ENT001,PROGRAMA NACIONAL PARA LA PREVENCIÓN Y ERRADICACIÓN DE LA VIOLENCIA CONTRA LA MUJER E INTEGRANTES DEL GRUPO FAMILIAR,LIN001,ATENCIÓN INTEGRAL Y MULTIDISCIPLINARIA PARA VICTIMAS DE VIOLENCIA,SER001,CENTRO EMERGENCIA MUJER,150134,LIMA METROPOLITANA,LIMA,SAN LUIS,CEM058,SAN LUIS,1.0,195,51.0,144,94,68,33.0,,20.0,,,59.0,,,25.0,,,17.0,,,,,,19.0,,,36.0,,,,,,14.0,,,5.0,,,"16,091"
2015,ENE - DIC,11/01/2016,ENT001,PROGRAMA NACIONAL PARA LA PREVENCIÓN Y ERRADICACIÓN DE LA VIOLENCIA CONTRA LA MUJER E INTEGRANTES DEL GRUPO FAMILIAR,LIN001,ATENCIÓN INTEGRAL Y MULTIDISCIPLINARIA PARA VICTIMAS DE VIOLENCIA,SER001,CENTRO EMERGENCIA MUJER,140301,LAMBAYEQUE,LAMBAYEQUE,LAMBAYEQUE,CEM059,LAMBAYEQUE,1.0,199,30.0,169,119,77,3.0,,8.0,,,14.0,,,15.0,,,27.0,,,,,,60.0,,,43.0,,,,,,20.0,,,12.0,,,"8,999"
2015,ENE - DIC,11/01/2016,ENT001,PROGRAMA NACIONAL PARA LA PREVENCIÓN Y ERRADICACIÓN DE LA VIOLENCIA CONTRA LA MUJER E INTEGRANTES DEL GRUPO FAMILIAR,LIN001,ATENCIÓN INTEGRAL Y MULTIDISCIPLINARIA PARA VICTIMAS DE VIOLENCIA,SER001,CENTRO EMERGENCIA MUJER,150101,LIMA METROPOLITANA,LIMA,LIMA,CEM060,LIMA,1.0,"1,142",199.0,943,754,245,143.0,,62.0,,,166.0,,,169.0,,,134.0,,,,,,215.0,,,191.0,,,,,,114.0,,,91.0,,,"21,551"
2015,ENE - DIC,11/01/2016,ENT001,PROGRAMA NACIONAL PARA LA PREVENCIÓN Y ERRADICACIÓN DE LA VIOLENCIA CONTRA LA MUJER E INTEGRANTES DEL GRUPO FAMILIAR,LIN001,ATENCIÓN INTEGRAL Y MULTIDISCIPLINARIA PARA VICTIMAS DE VIOLENCIA,SER001,CENTRO EMERGENCIA MUJER,150117,LIMA METROPOLITANA,LIMA,LOS OLIVOS,CEM061,LOS OLIVOS,1.0,681,141.0,540,284,319,78.0,,78.0,,,155.0,,,95.0,,,69.0,,,,,,123.0,,,67.0,,,,,,61.0,,,33.0,,,"5,833"
2015,ENE - DIC,11/01/2016,ENT001,PROGRAMA NACIONAL PARA LA PREVENCIÓN Y ERRADICACIÓN DE LA VIOLENCIA CONTRA LA MUJER E INTEGRANTES DEL GRUPO FAMILIAR,LIN001,ATENCIÓN INTEGRAL Y MULTIDISCIPLINARIA PARA VICTIMAS DE VIOLENCIA,SER001,CENTRO EMERGENCIA MUJER,50601,AYACUCHO,LUCANAS,PUQUIO,CEM062,LUCANAS,1.0,199,25.0,174,121,57,21.0,,16.0,,,26.0,,,26.0,,,28.0,,,,,,30.0,,,27.0,,,,,,30.0,,,16.0,,,"9,125"
2015,ENE - DIC,11/01/2016,ENT001,PROGRAMA NACIONAL PARA LA PREVENCIÓN Y ERRADICACIÓN DE LA VIOLENCIA CONTRA LA MUJER E INTEGRANTES DEL GRUPO FAMILIAR,LIN001,ATENCIÓN INTEGRAL Y MULTIDISCIPLINARIA PARA VICTIMAS DE VIOLENCIA,SER001,CENTRO EMERGENCIA MUJER,170101,MADRE DE DIOS,TAMBOPATA,TAMBOPATA,CEM063,MADRE DE DIOS,1.0,277,35.0,242,113,103,61.0,,25.0,,,47.0,,,77.0,,,36.0,,,,,,50.0,,,26.0,,,,,,15.0,,,1.0,,,"5,866"
2015,ENE - DIC,11/01/2016,ENT001,PROGRAMA NACIONAL PARA LA PREVENCIÓN Y ERRADICACIÓN DE LA VIOLENCIA CONTRA LA MUJER E INTEGRANTES DEL GRUPO FAMILIAR,LIN001,ATENCIÓN INTEGRAL Y MULTIDISCIPLINARIA PARA VICTIMAS DE VIOLENCIA,SER001,CENTRO EMERGENCIA MUJER,150123,LIMA METROPOLITANA,LIMA,PACHACAMAC,CEM064,MANCHAY,1.0,403,96.0,307,254,102,47.0,,54.0,,,71.0,,,71.0,,,46.0,,,,,,78.0,,,57.0,,,,,,19.0,,,7.0,,,"17,135"
2015,ENE - DIC,11/01/2016,ENT001,PROGRAMA NACIONAL PARA LA PREVENCIÓN Y ERRADICACIÓN DE LA VIOLENCIA CONTRA LA MUJER E INTEGRANTES DEL GRUPO FAMILIAR,LIN001,ATENCIÓN INTEGRAL Y MULTIDISCIPLINARIA PARA VICTIMAS DE VIOLENCIA,SER001,CENTRO EMERGENCIA MUJER,210801,PUNO,MELGAR,AYAVIRI,CEM065,MELGAR,1.0,129,8.0,121,50,75,4.0,,2.0,,,4.0,,,6.0,,,26.0,,,,,,36.0,,,29.0,,,,,,20.0,,,6.0,,,"6,970"
2015,ENE - DIC,11/01/2016,ENT001,PROGRAMA NACIONAL PARA LA PREVENCIÓN Y ERRADICACIÓN DE LA VIOLENCIA CONTRA LA MUJER E INTEGRANTES DEL GRUPO FAMILIAR,LIN001,ATENCIÓN INTEGRAL Y MULTIDISCIPLINARIA PARA VICTIMAS DE VIOLENCIA,SER001,CENTRO EMERGENCIA MUJER,40110,AREQUIPA,AREQUIPA,MIRAFLORES,CEM066,MIRAFLORES,1.0,913,114.0,799,542,284,87.0,,37.0,,,115.0,,,116.0,,,121.0,,,,,,217.0,,,165.0,,,,,,96.0,,,46.0,,,"14,778"
2015,ENE - DIC,11/01/2016,ENT001,PROGRAMA NACIONAL PARA LA PREVENCIÓN Y ERRADICACIÓN DE LA VIOLENCIA CONTRA LA MUJER E INTEGRANTES DEL GRUPO FAMILIAR,LIN001,ATENCIÓN INTEGRAL Y MULTIDISCIPLINARIA PARA VICTIMAS DE VIOLENCIA,SER001,CENTRO EMERGENCIA MUJER,180101,MOQUEGUA,MARISCAL NIETO,MOQUEGUA,CEM067,MOQUEGUA,1.0,270,11.0,259,188,74,8.0,,1.0,,,5.0,,,16.0,,,48.0,,,,,,83.0,,,78.0,,,,,,35.0,,,4.0,,,"8,802"
2015,ENE - DIC,11/01/2016,ENT001,PROGRAMA NACIONAL PARA LA PREVENCIÓN Y ERRADICACIÓN DE LA VIOLENCIA CONTRA LA MUJER E INTEGRANTES DEL GRUPO FAMILIAR,LIN001,ATENCIÓN INTEGRAL Y MULTIDISCIPLINARIA PARA VICTIMAS DE VIOLENCIA,SER001,CENTRO EMERGENCIA MUJER,220101,SAN MARTÍN,MOYOBAMBA,MOYOBAMBA,CEM068,MOYOBAMBA,1.0,277,28.0,249,151,96,30.0,,5.0,,,26.0,,,46.0,,,36.0,,,,,,71.0,,,55.0,,,,,,34.0,,,4.0,,,"7,691"
2015,ENE - DIC,11/01/2016,ENT001,PROGRAMA NACIONAL PARA LA PREVENCIÓN Y ERRADICACIÓN DE LA VIOLENCIA CONTRA LA MUJER E INTEGRANTES DEL GRUPO FAMILIAR,LIN001,ATENCIÓN INTEGRAL Y MULTIDISCIPLINARIA PARA VICTIMAS DE VIOLENCIA,SER001,CENTRO EMERGENCIA MUJER,110301,ICA,NASCA,NASCA,CEM069,NASCA,1.0,314,48.0,266,153,123,38.0,,12.0,,,59.0,,,46.0,,,49.0,,,,,,64.0,,,50.0,,,,,,17.0,,,17.0,,,"6,806"
2015,ENE - DIC,11/01/2016,ENT001,PROGRAMA NACIONAL PARA LA PREVENCIÓN Y ERRADICACIÓN DE LA VIOLENCIA CONTRA LA MUJER E INTEGRANTES DEL GRUPO FAMILIAR,LIN001,ATENCIÓN INTEGRAL Y MULTIDISCIPLINARIA PARA VICTIMAS DE VIOLENCIA,SER001,CENTRO EMERGENCIA MUJER,160301,LORETO,LORETO                                                  ,NAUTA                                                   ,CEM070,NAUTA,1.0,100,22.0,78,58,36,6.0,,6.0,,,22.0,,,11.0,,,17.0,,,,,,18.0,,,15.0,,,,,,10.0,,,1.0,,,"1,689"
2015,ENE - DIC,11/01/2016,ENT001,PROGRAMA NACIONAL PARA LA PREVENCIÓN Y ERRADICACIÓN DE LA VIOLENCIA CONTRA LA MUJER E INTEGRANTES DEL GRUPO FAMILIAR,LIN001,ATENCIÓN INTEGRAL Y MULTIDISCIPLINARIA PARA VICTIMAS DE VIOLENCIA,SER001,CENTRO EMERGENCIA MUJER,21809,ÁNCASH,SANTA,NUEVO CHIMBOTE                                          ,CEM071,NUEVO CHIMBOTE,1.0,410,67.0,343,266,136,8.0,,10.0,,,71.0,,,54.0,,,35.0,,,,,,92.0,,,82.0,,,,,,45.0,,,21.0,,,"12,760"
2015,ENE - DIC,11/01/2016,ENT001,PROGRAMA NACIONAL PARA LA PREVENCIÓN Y ERRADICACIÓN DE LA VIOLENCIA CONTRA LA MUJER E INTEGRANTES DEL GRUPO FAMILIAR,LIN001,ATENCIÓN INTEGRAL Y MULTIDISCIPLINARIA PARA VICTIMAS DE VIOLENCIA,SER001,CENTRO EMERGENCIA MUJER,130601,LA LIBERTAD,OTUZCO,OTUZCO,CEM072,OTUZCO,1.0,115,10.0,105,51,37,27.0,,11.0,,,21.0,,,27.0,,,19.0,,,,,,17.0,,,10.0,,,,,,9.0,,,1.0,,,"3,710"
2015,ENE - DIC,11/01/2016,ENT001,PROGRAMA NACIONAL PARA LA PREVENCIÓN Y ERRADICACIÓN DE LA VIOLENCIA CONTRA LA MUJER E INTEGRANTES DEL GRUPO FAMILIAR,LIN001,ATENCIÓN INTEGRAL Y MULTIDISCIPLINARIA PARA VICTIMAS DE VIOLENCIA,SER001,CENTRO EMERGENCIA MUJER,190301,PASCO,OXAPAMPA,OXAPAMPA,CEM073,OXAPAMPA,1.0,180,13.0,167,90,71,19.0,,4.0,,,21.0,,,15.0,,,37.0,,,,,,50.0,,,25.0,,,,,,14.0,,,14.0,,,"5,727"
2015,ENE - DIC,11/01/2016,ENT001,PROGRAMA NACIONAL PARA LA PREVENCIÓN Y ERRADICACIÓN DE LA VIOLENCIA CONTRA LA MUJER E INTEGRANTES DEL GRUPO FAMILIAR,LIN001,ATENCIÓN INTEGRAL Y MULTIDISCIPLINARIA PARA VICTIMAS DE VIOLENCIA,SER001,CENTRO EMERGENCIA MUJER,70106,CALLAO,CALLAO,VENTANILLA,CEM074,PACHACUTEC,1.0,387,59.0,328,240,95,52.0,,29.0,,,83.0,,,82.0,,,30.0,,,,,,75.0,,,69.0,,,,,,14.0,,,5.0,,,"6,993"
2015,ENE - DIC,11/01/2016,ENT001,PROGRAMA NACIONAL PARA LA PREVENCIÓN Y ERRADICACIÓN DE LA VIOLENCIA CONTRA LA MUJER E INTEGRANTES DEL GRUPO FAMILIAR,LIN001,ATENCIÓN INTEGRAL Y MULTIDISCIPLINARIA PARA VICTIMAS DE VIOLENCIA,SER001,CENTRO EMERGENCIA MUJER,250301,UCAYALI,PADRE ABAD,PADRE ABAD,CEM075,PADRE ABAD,1.0,156,8.0,148,64,63,29.0,,1.0,,,9.0,,,19.0,,,38.0,,,,,,38.0,,,35.0,,,,,,11.0,,,5.0,,,"2,805"
2015,ENE - DIC,11/01/2016,ENT001,PROGRAMA NACIONAL PARA LA PREVENCIÓN Y ERRADICACIÓN DE LA VIOLENCIA CONTRA LA MUJER E INTEGRANTES DEL GRUPO FAMILIAR,LIN001,ATENCIÓN INTEGRAL Y MULTIDISCIPLINARIA PARA VICTIMAS DE VIOLENCIA,SER001,CENTRO EMERGENCIA MUJER,150133,LIMA METROPOLITANA,LIMA,SAN JUAN DE MIRAFLORES,CEM076,SAN JUAN DE MIRAFLORES,1.0,674,178.0,496,243,344,87.0,,105.0,,,165.0,,,124.0,,,38.0,,,,,,68.0,,,72.0,,,,,,52.0,,,50.0,,,"19,025"
2015,ENE - DIC,11/01/2016,ENT001,PROGRAMA NACIONAL PARA LA PREVENCIÓN Y ERRADICACIÓN DE LA VIOLENCIA CONTRA LA MUJER E INTEGRANTES DEL GRUPO FAMILIAR,LIN001,ATENCIÓN INTEGRAL Y MULTIDISCIPLINARIA PARA VICTIMAS DE VIOLENCIA,SER001,CENTRO EMERGENCIA MUJER,50701,AYACUCHO,PARINACOCHAS,CORACORA,CEM077,PARINACOCHAS,1.0,120,13.0,107,47,63,10.0,,3.0,,,11.0,,,4.0,,,8.0,,,,,,38.0,,,26.0,,,,,,21.0,,,9.0,,,"5,496"
2015,ENE - DIC,11/01/2016,ENT001,PROGRAMA NACIONAL PARA LA PREVENCIÓN Y ERRADICACIÓN DE LA VIOLENCIA CONTRA LA MUJER E INTEGRANTES DEL GRUPO FAMILIAR,LIN001,ATENCIÓN INTEGRAL Y MULTIDISCIPLINARIA PARA VICTIMAS DE VIOLENCIA,SER001,CENTRO EMERGENCIA MUJER,190113,PASCO,PASCO,YANACANCHA,CEM078,PASCO,1.0,249,23.0,226,92,121,36.0,,8.0,,,25.0,,,29.0,,,33.0,,,,,,72.0,,,48.0,,,,,,30.0,,,4.0,,,"4,835"
2015,ENE - DIC,11/01/2016,ENT001,PROGRAMA NACIONAL PARA LA PREVENCIÓN Y ERRADICACIÓN DE LA VIOLENCIA CONTRA LA MUJER E INTEGRANTES DEL GRUPO FAMILIAR,LIN001,ATENCIÓN INTEGRAL Y MULTIDISCIPLINARIA PARA VICTIMAS DE VIOLENCIA,SER001,CENTRO EMERGENCIA MUJER,50801,AYACUCHO,PAUCAR DEL SARA SARA,PAUSA,CEM079,PAUCAR DEL SARA SARA,1.0,130,25.0,105,46,80,4.0,,17.0,,,19.0,,,17.0,,,5.0,,,,,,31.0,,,17.0,,,,,,18.0,,,6.0,,,"4,991"
2015,ENE - DIC,11/01/2016,ENT001,PROGRAMA NACIONAL PARA LA PREVENCIÓN Y ERRADICACIÓN DE LA VIOLENCIA CONTRA LA MUJER E INTEGRANTES DEL GRUPO FAMILIAR,LIN001,ATENCIÓN INTEGRAL Y MULTIDISCIPLINARIA PARA VICTIMAS DE VIOLENCIA,SER001,CENTRO EMERGENCIA MUJER,80910,CUSCO,LA CONVENCIÓN,PICHARI,CEM080,PICHARI,1.0,233,32.0,201,124,94,15.0,,14.0,,,30.0,,,33.0,,,37.0,,,,,,65.0,,,28.0,,,,,,25.0,,,1.0,,,"7,705"
2015,ENE - DIC,11/01/2016,ENT001,PROGRAMA NACIONAL PARA LA PREVENCIÓN Y ERRADICACIÓN DE LA VIOLENCIA CONTRA LA MUJER E INTEGRANTES DEL GRUPO FAMILIAR,LIN001,ATENCIÓN INTEGRAL Y MULTIDISCIPLINARIA PARA VICTIMAS DE VIOLENCIA,SER001,CENTRO EMERGENCIA MUJER,110501,ICA,PISCO,PISCO,CEM081,PISCO,1.0,597,92.0,505,361,209,27.0,,32.0,,,105.0,,,88.0,,,67.0,,,,,,142.0,,,102.0,,,,,,43.0,,,18.0,,,"12,815"
2015,ENE - DIC,11/01/2016,ENT001,PROGRAMA NACIONAL PARA LA PREVENCIÓN Y ERRADICACIÓN DE LA VIOLENCIA CONTRA LA MUJER E INTEGRANTES DEL GRUPO FAMILIAR,LIN001,ATENCIÓN INTEGRAL Y MULTIDISCIPLINARIA PARA VICTIMAS DE VIOLENCIA,SER001,CENTRO EMERGENCIA MUJER,200104,PIURA,PIURA,CASTILLA,CEM082,PIURA,1.0,456,23.0,433,250,162,44.0,,13.0,,,36.0,,,51.0,,,67.0,,,,,,107.0,,,116.0,,,,,,43.0,,,23.0,,,"7,914"
2015,ENE - DIC,11/01/2016,ENT001,PROGRAMA NACIONAL PARA LA PREVENCIÓN Y ERRADICACIÓN DE LA VIOLENCIA CONTRA LA MUJER E INTEGRANTES DEL GRUPO FAMILIAR,LIN001,ATENCIÓN INTEGRAL Y MULTIDISCIPLINARIA PARA VICTIMAS DE VIOLENCIA,SER001,CENTRO EMERGENCIA MUJER,250101,UCAYALI,CORONEL PORTILLO,CALLERIA,CEM083,PUCALLPA,1.0,395,34.0,361,148,161,86.0,,10.0,,,47.0,,,65.0,,,79.0,,,,,,98.0,,,63.0,,,,,,25.0,,,8.0,,,"8,778"
2015,ENE - DIC,11/01/2016,ENT001,PROGRAMA NACIONAL PARA LA PREVENCIÓN Y ERRADICACIÓN DE LA VIOLENCIA CONTRA LA MUJER E INTEGRANTES DEL GRUPO FAMILIAR,LIN001,ATENCIÓN INTEGRAL Y MULTIDISCIPLINARIA PARA VICTIMAS DE VIOLENCIA,SER001,CENTRO EMERGENCIA MUJER,210101,PUNO,PUNO,PUNO,CEM084,PUNO,1.0,667,50.0,617,363,270,34.0,,6.0,,,19.0,,,40.0,,,98.0,,,,,,190.0,,,173.0,,,,,,98.0,,,43.0,,,"11,157"
2015,ENE - DIC,11/01/2016,ENT001,PROGRAMA NACIONAL PARA LA PREVENCIÓN Y ERRADICACIÓN DE LA VIOLENCIA CONTRA LA MUJER E INTEGRANTES DEL GRUPO FAMILIAR,LIN001,ATENCIÓN INTEGRAL Y MULTIDISCIPLINARIA PARA VICTIMAS DE VIOLENCIA,SER001,CENTRO EMERGENCIA MUJER,80901,CUSCO,LA CONVENCIÓN,SANTA ANA,CEM085,QUILLABAMBA,1.0,435,46.0,389,237,184,14.0,,4.0,,,22.0,,,34.0,,,69.0,,,,,,104.0,,,103.0,,,,,,57.0,,,42.0,,,"7,932"
2015,ENE - DIC,11/01/2016,ENT001,PROGRAMA NACIONAL PARA LA PREVENCIÓN Y ERRADICACIÓN DE LA VIOLENCIA CONTRA LA MUJER E INTEGRANTES DEL GRUPO FAMILIAR,LIN001,ATENCIÓN INTEGRAL Y MULTIDISCIPLINARIA PARA VICTIMAS DE VIOLENCIA,SER001,CENTRO EMERGENCIA MUJER,220801,SAN MARTÍN,RIOJA,RIOJA,CEM086,RIOJA,1.0,181,19.0,162,100,61,20.0,,14.0,,,21.0,,,24.0,,,34.0,,,,,,47.0,,,25.0,,,,,,12.0,,,4.0,,,"4,329"
2015,ENE - DIC,11/01/2016,ENT001,PROGRAMA NACIONAL PARA LA PREVENCIÓN Y ERRADICACIÓN DE LA VIOLENCIA CONTRA LA MUJER E INTEGRANTES DEL GRUPO FAMILIAR,LIN001,ATENCIÓN INTEGRAL Y MULTIDISCIPLINARIA PARA VICTIMAS DE VIOLENCIA,SER001,CENTRO EMERGENCIA MUJER,150114,LIMA METROPOLITANA,LIMA,LA MOLINA,CEM087,LA MOLINA,1.0,567,94.0,473,269,208,90.0,,60.0,,,99.0,,,93.0,,,58.0,,,,,,93.0,,,85.0,,,,,,45.0,,,34.0,,,"17,273"
2015,ENE - DIC,11/01/2016,ENT001,PROGRAMA NACIONAL PARA LA PREVENCIÓN Y ERRADICACIÓN DE LA VIOLENCIA CONTRA LA MUJER E INTEGRANTES DEL GRUPO FAMILIAR,LIN001,ATENCIÓN INTEGRAL Y MULTIDISCIPLINARIA PARA VICTIMAS DE VIOLENCIA,SER001,CENTRO EMERGENCIA MUJER,150132,LIMA METROPOLITANA,LIMA,SAN JUAN DE LURIGANCHO,CEM088,SAN JUAN DE LURIGANCHO,1.0,881,72.0,809,526,196,159.0,,32.0,,,111.0,,,121.0,,,112.0,,,,,,248.0,,,155.0,,,,,,75.0,,,27.0,,,"16,241"
2015,ENE - DIC,11/01/2016,ENT001,PROGRAMA NACIONAL PARA LA PREVENCIÓN Y ERRADICACIÓN DE LA VIOLENCIA CONTRA LA MUJER E INTEGRANTES DEL GRUPO FAMILIAR,LIN001,ATENCIÓN INTEGRAL Y MULTIDISCIPLINARIA PARA VICTIMAS DE VIOLENCIA,SER001,CENTRO EMERGENCIA MUJER,150135,LIMA METROPOLITANA,LIMA,SAN MARTÍN DE PORRES,CEM089,SAN MARTIN DE PORRES,1.0,399,32.0,367,171,156,72.0,,10.0,,,28.0,,,51.0,,,63.0,,,,,,88.0,,,78.0,,,,,,56.0,,,25.0,,,"8,207"
2015,ENE - DIC,11/01/2016,ENT001,PROGRAMA NACIONAL PARA LA PREVENCIÓN Y ERRADICACIÓN DE LA VIOLENCIA CONTRA LA MUJER E INTEGRANTES DEL GRUPO FAMILIAR,LIN001,ATENCIÓN INTEGRAL Y MULTIDISCIPLINARIA PARA VICTIMAS DE VIOLENCIA,SER001,CENTRO EMERGENCIA MUJER,131001,LA LIBERTAD,SANTIAGO DE CHUCO,SANTIAGO DE CHUCO,CEM090,SANTIAGO DE CHUCO,1.0,64,15.0,49,19,39,6.0,,1.0,,,13.0,,,9.0,,,13.0,,,,,,18.0,,,9.0,,,,,,0.0,,,1.0,,,"4,160"
2015,ENE - DIC,11/01/2016,ENT001,PROGRAMA NACIONAL PARA LA PREVENCIÓN Y ERRADICACIÓN DE LA VIOLENCIA CONTRA LA MUJER E INTEGRANTES DEL GRUPO FAMILIAR,LIN001,ATENCIÓN INTEGRAL Y MULTIDISCIPLINARIA PARA VICTIMAS DE VIOLENCIA,SER001,CENTRO EMERGENCIA MUJER,120601,JUNÍN,SATIPO,SATIPO,CEM091,SATIPO,1.0,321,55.0,266,98,152,71.0,,20.0,,,66.0,,,62.0,,,35.0,,,,,,70.0,,,35.0,,,,,,23.0,,,10.0,,,"5,224"
2015,ENE - DIC,11/01/2016,ENT001,PROGRAMA NACIONAL PARA LA PREVENCIÓN Y ERRADICACIÓN DE LA VIOLENCIA CONTRA LA MUJER E INTEGRANTES DEL GRUPO FAMILIAR,LIN001,ATENCIÓN INTEGRAL Y MULTIDISCIPLINARIA PARA VICTIMAS DE VIOLENCIA,SER001,CENTRO EMERGENCIA MUJER,200801,PIURA,SECHURA,SECHURA,CEM092,SECHURA,1.0,218,39.0,179,87,97,34.0,,10.0,,,47.0,,,24.0,,,47.0,,,,,,51.0,,,25.0,,,,,,13.0,,,1.0,,,"7,526"
2015,ENE - DIC,11/01/2016,ENT001,PROGRAMA NACIONAL PARA LA PREVENCIÓN Y ERRADICACIÓN DE LA VIOLENCIA CONTRA LA MUJER E INTEGRANTES DEL GRUPO FAMILIAR,LIN001,ATENCIÓN INTEGRAL Y MULTIDISCIPLINARIA PARA VICTIMAS DE VIOLENCIA,SER001,CENTRO EMERGENCIA MUJER,80601,CUSCO,CANCHIS,SICUANI,CEM093,SICUANI,1.0,339,22.0,317,237,94,8.0,,6.0,,,16.0,,,22.0,,,62.0,,,,,,98.0,,,67.0,,,,,,62.0,,,6.0,,,"7,286"
2015,ENE - DIC,11/01/2016,ENT001,PROGRAMA NACIONAL PARA LA PREVENCIÓN Y ERRADICACIÓN DE LA VIOLENCIA CONTRA LA MUJER E INTEGRANTES DEL GRUPO FAMILIAR,LIN001,ATENCIÓN INTEGRAL Y MULTIDISCIPLINARIA PARA VICTIMAS DE VIOLENCIA,SER001,CENTRO EMERGENCIA MUJER,50901,AYACUCHO,SUCRE,QUEROBAMBA,CEM094,SUCRE,1.0,162,29.0,133,111,44,7.0,,12.0,,,26.0,,,19.0,,,12.0,,,,,,29.0,,,32.0,,,,,,14.0,,,18.0,,,"6,714"
2015,ENE - DIC,11/01/2016,ENT001,PROGRAMA NACIONAL PARA LA PREVENCIÓN Y ERRADICACIÓN DE LA VIOLENCIA CONTRA LA MUJER E INTEGRANTES DEL GRUPO FAMILIAR,LIN001,ATENCIÓN INTEGRAL Y MULTIDISCIPLINARIA PARA VICTIMAS DE VIOLENCIA,SER001,CENTRO EMERGENCIA MUJER,200601,PIURA,SULLANA,SULLANA,CEM095,SULLANA,1.0,396,40.0,356,173,186,37.0,,13.0,,,40.0,,,51.0,,,75.0,,,,,,118.0,,,60.0,,,,,,32.0,,,7.0,,,"12,115"
2015,ENE - DIC,11/01/2016,ENT001,PROGRAMA NACIONAL PARA LA PREVENCIÓN Y ERRADICACIÓN DE LA VIOLENCIA CONTRA LA MUJER E INTEGRANTES DEL GRUPO FAMILIAR,LIN001,ATENCIÓN INTEGRAL Y MULTIDISCIPLINARIA PARA VICTIMAS DE VIOLENCIA,SER001,CENTRO EMERGENCIA MUJER,150140,LIMA METROPOLITANA,LIMA,SANTIAGO DE SURCO,CEM096,SURCO,1.0,507,92.0,415,238,159,110.0,,40.0,,,93.0,,,91.0,,,59.0,,,,,,63.0,,,79.0,,,,,,38.0,,,44.0,,,"11,454"
2015,ENE - DIC,11/01/2016,ENT001,PROGRAMA NACIONAL PARA LA PREVENCIÓN Y ERRADICACIÓN DE LA VIOLENCIA CONTRA LA MUJER E INTEGRANTES DEL GRUPO FAMILIAR,LIN001,ATENCIÓN INTEGRAL Y MULTIDISCIPLINARIA PARA VICTIMAS DE VIOLENCIA,SER001,CENTRO EMERGENCIA MUJER,150141,LIMA METROPOLITANA,LIMA,SURQUILLO,CEM097,SURQUILLO,1.0,243,37.0,206,159,55,29.0,,18.0,,,24.0,,,26.0,,,18.0,,,,,,35.0,,,49.0,,,,,,33.0,,,40.0,,,"6,743"
2015,ENE - DIC,11/01/2016,ENT001,PROGRAMA NACIONAL PARA LA PREVENCIÓN Y ERRADICACIÓN DE LA VIOLENCIA CONTRA LA MUJER E INTEGRANTES DEL GRUPO FAMILIAR,LIN001,ATENCIÓN INTEGRAL Y MULTIDISCIPLINARIA PARA VICTIMAS DE VIOLENCIA,SER001,CENTRO EMERGENCIA MUJER,230101,TACNA,TACNA,TACNA,CEM098,TACNA,1.0,455,45.0,410,217,171,67.0,,20.0,,,53.0,,,51.0,,,55.0,,,,,,106.0,,,110.0,,,,,,45.0,,,15.0,,,"7,328"
2015,ENE - DIC,11/01/2016,ENT001,PROGRAMA NACIONAL PARA LA PREVENCIÓN Y ERRADICACIÓN DE LA VIOLENCIA CONTRA LA MUJER E INTEGRANTES DEL GRUPO FAMILIAR,LIN001,ATENCIÓN INTEGRAL Y MULTIDISCIPLINARIA PARA VICTIMAS DE VIOLENCIA,SER001,CENTRO EMERGENCIA MUJER,220901,SAN MARTÍN,SAN MARTÍN,TARAPOTO,CEM099,TARAPOTO,1.0,543,114.0,429,357,152,34.0,,39.0,,,99.0,,,68.0,,,64.0,,,,,,116.0,,,83.0,,,,,,54.0,,,20.0,,,"14,734"
2015,ENE - DIC,11/01/2016,ENT001,PROGRAMA NACIONAL PARA LA PREVENCIÓN Y ERRADICACIÓN DE LA VIOLENCIA CONTRA LA MUJER E INTEGRANTES DEL GRUPO FAMILIAR,LIN001,ATENCIÓN INTEGRAL Y MULTIDISCIPLINARIA PARA VICTIMAS DE VIOLENCIA,SER001,CENTRO EMERGENCIA MUJER,120701,JUNÍN,TARMA,TARMA,CEM100,TARMA,1.0,233,37.0,196,64,144,25.0,,12.0,,,38.0,,,32.0,,,34.0,,,,,,48.0,,,40.0,,,,,,15.0,,,14.0,,,"17,272"
2015,ENE - DIC,11/01/2016,ENT001,PROGRAMA NACIONAL PARA LA PREVENCIÓN Y ERRADICACIÓN DE LA VIOLENCIA CONTRA LA MUJER E INTEGRANTES DEL GRUPO FAMILIAR,LIN001,ATENCIÓN INTEGRAL Y MULTIDISCIPLINARIA PARA VICTIMAS DE VIOLENCIA,SER001,CENTRO EMERGENCIA MUJER,90701,HUANCAVELICA,TAYACAJA,PAMPAS,CEM101,TAYACAJA,1.0,155,20.0,135,59,75,21.0,,9.0,,,15.0,,,27.0,,,22.0,,,,,,38.0,,,26.0,,,,,,15.0,,,3.0,,,"5,100"
2015,ENE - DIC,11/01/2016,ENT001,PROGRAMA NACIONAL PARA LA PREVENCIÓN Y ERRADICACIÓN DE LA VIOLENCIA CONTRA LA MUJER E INTEGRANTES DEL GRUPO FAMILIAR,LIN001,ATENCIÓN INTEGRAL Y MULTIDISCIPLINARIA PARA VICTIMAS DE VIOLENCIA,SER001,CENTRO EMERGENCIA MUJER,100601,HUÁNUCO,LEONCIO PRADO,RUPA-RUPA,CEM102,TINGO MARIA,1.0,325,27.0,298,122,152,51.0,,4.0,,,28.0,,,36.0,,,67.0,,,,,,98.0,,,53.0,,,,,,26.0,,,13.0,,,"7,366"
2015,ENE - DIC,11/01/2016,ENT001,PROGRAMA NACIONAL PARA LA PREVENCIÓN Y ERRADICACIÓN DE LA VIOLENCIA CONTRA LA MUJER E INTEGRANTES DEL GRUPO FAMILIAR,LIN001,ATENCIÓN INTEGRAL Y MULTIDISCIPLINARIA PARA VICTIMAS DE VIOLENCIA,SER001,CENTRO EMERGENCIA MUJER,221001,SAN MARTÍN,TOCACHE,TOCACHE,CEM103,TOCACHE,1.0,190,12.0,178,79,68,43.0,,5.0,,,31.0,,,27.0,,,29.0,,,,,,42.0,,,35.0,,,,,,19.0,,,2.0,,,"2,605"
2015,ENE - DIC,11/01/2016,ENT001,PROGRAMA NACIONAL PARA LA PREVENCIÓN Y ERRADICACIÓN DE LA VIOLENCIA CONTRA LA MUJER E INTEGRANTES DEL GRUPO FAMILIAR,LIN001,ATENCIÓN INTEGRAL Y MULTIDISCIPLINARIA PARA VICTIMAS DE VIOLENCIA,SER001,CENTRO EMERGENCIA MUJER,130101,LA LIBERTAD,TRUJILLO,TRUJILLO,CEM104,TRUJILLO,1.0,396,66.0,330,229,144,23.0,,43.0,,,81.0,,,45.0,,,41.0,,,,,,78.0,,,44.0,,,,,,39.0,,,25.0,,,"16,806"
2015,ENE - DIC,11/01/2016,ENT001,PROGRAMA NACIONAL PARA LA PREVENCIÓN Y ERRADICACIÓN DE LA VIOLENCIA CONTRA LA MUJER E INTEGRANTES DEL GRUPO FAMILIAR,LIN001,ATENCIÓN INTEGRAL Y MULTIDISCIPLINARIA PARA VICTIMAS DE VIOLENCIA,SER001,CENTRO EMERGENCIA MUJER,240101,TUMBES,TUMBES,TUMBES,CEM105,TUMBES,1.0,296,56.0,240,195,81,20.0,,32.0,,,45.0,,,45.0,,,42.0,,,,,,64.0,,,46.0,,,,,,20.0,,,2.0,,,"8,668"
2015,ENE - DIC,11/01/2016,ENT001,PROGRAMA NACIONAL PARA LA PREVENCIÓN Y ERRADICACIÓN DE LA VIOLENCIA CONTRA LA MUJER E INTEGRANTES DEL GRUPO FAMILIAR,LIN001,ATENCIÓN INTEGRAL Y MULTIDISCIPLINARIA PARA VICTIMAS DE VIOLENCIA,SER001,CENTRO EMERGENCIA MUJER,10701,AMAZONAS,UTCUBAMBA,BAGUA GRANDE,CEM106,UTCUBAMBA,1.0,192,16.0,176,74,76,42.0,,0.0,,,23.0,,,40.0,,,35.0,,,,,,46.0,,,33.0,,,,,,7.0,,,8.0,,,"12,600"
2015,ENE - DIC,11/01/2016,ENT001,PROGRAMA NACIONAL PARA LA PREVENCIÓN Y ERRADICACIÓN DE LA VIOLENCIA CONTRA LA MUJER E INTEGRANTES DEL GRUPO FAMILIAR,LIN001,ATENCIÓN INTEGRAL Y MULTIDISCIPLINARIA PARA VICTIMAS DE VIOLENCIA,SER001,CENTRO EMERGENCIA MUJER,70106,CALLAO,CALLAO,VENTANILLA,CEM107,VENTANILLA,1.0,480,66.0,414,257,162,61.0,,32.0,,,55.0,,,72.0,,,62.0,,,,,,99.0,,,96.0,,,,,,47.0,,,17.0,,,"8,269"
2015,ENE - DIC,11/01/2016,ENT001,PROGRAMA NACIONAL PARA LA PREVENCIÓN Y ERRADICACIÓN DE LA VIOLENCIA CONTRA LA MUJER E INTEGRANTES DEL GRUPO FAMILIAR,LIN001,ATENCIÓN INTEGRAL Y MULTIDISCIPLINARIA PARA VICTIMAS DE VIOLENCIA,SER001,CENTRO EMERGENCIA MUJER,51101,AYACUCHO,VILCAS HUAMÁN,VILCAS HUAMÁN,CEM108,VILCAS HUAMAN,1.0,135,11.0,124,81,45,9.0,,0.0,,,4.0,,,11.0,,,22.0,,,,,,38.0,,,28.0,,,,,,23.0,,,9.0,,,"3,896"
2015,ENE - DIC,11/01/2016,ENT001,PROGRAMA NACIONAL PARA LA PREVENCIÓN Y ERRADICACIÓN DE LA VIOLENCIA CONTRA LA MUJER E INTEGRANTES DEL GRUPO FAMILIAR,LIN001,ATENCIÓN INTEGRAL Y MULTIDISCIPLINARIA PARA VICTIMAS DE VIOLENCIA,SER001,CENTRO EMERGENCIA MUJER,150142,LIMA METROPOLITANA,LIMA,VILLA EL SALVADOR,CEM109,VILLA EL SALVADOR,1.0,989,219.0,770,452,372,165.0,,75.0,,,147.0,,,205.0,,,101.0,,,,,,155.0,,,161.0,,,,,,69.0,,,76.0,,,"20,890"
2015,ENE - DIC,11/01/2016,ENT001,PROGRAMA NACIONAL PARA LA PREVENCIÓN Y ERRADICACIÓN DE LA VIOLENCIA CONTRA LA MUJER E INTEGRANTES DEL GRUPO FAMILIAR,LIN001,ATENCIÓN INTEGRAL Y MULTIDISCIPLINARIA PARA VICTIMAS DE VIOLENCIA,SER001,CENTRO EMERGENCIA MUJER,150143,LIMA METROPOLITANA,LIMA,VILLA MARIA DEL TRIUNFO,CEM110,VILLA MARIA DEL TRIUNFO,1.0,773,153.0,620,345,312,116.0,,69.0,,,140.0,,,143.0,,,65.0,,,,,,122.0,,,113.0,,,,,,68.0,,,53.0,,,"12,405"
2015,ENE - DIC,11/01/2016,ENT001,PROGRAMA NACIONAL PARA LA PREVENCIÓN Y ERRADICACIÓN DE LA VIOLENCIA CONTRA LA MUJER E INTEGRANTES DEL GRUPO FAMILIAR,LIN001,ATENCIÓN INTEGRAL Y MULTIDISCIPLINARIA PARA VICTIMAS DE VIOLENCIA,SER001,CENTRO EMERGENCIA MUJER,190307,PASCO,OXAPAMPA,VILLA RICA,CEM111,VILLA RICA,1.0,199,32.0,167,60,105,34.0,,14.0,,,31.0,,,29.0,,,30.0,,,,,,45.0,,,29.0,,,,,,17.0,,,4.0,,,"6,872"
2015,ENE - DIC,11/01/2016,ENT001,PROGRAMA NACIONAL PARA LA PREVENCIÓN Y ERRADICACIÓN DE LA VIOLENCIA CONTRA LA MUJER E INTEGRANTES DEL GRUPO FAMILIAR,LIN001,ATENCIÓN INTEGRAL Y MULTIDISCIPLINARIA PARA VICTIMAS DE VIOLENCIA,SER001,CENTRO EMERGENCIA MUJER,120801,JUNÍN,YAULI                                                   ,LA OROYA                                                ,CEM112,YAULI,1.0,139,21.0,118,27,107,5.0,,5.0,,,19.0,,,15.0,,,28.0,,,,,,32.0,,,24.0,,,,,,14.0,,,2.0,,,"7,137"
2015,ENE - DIC,11/01/2016,ENT001,PROGRAMA NACIONAL PARA LA PREVENCIÓN Y ERRADICACIÓN DE LA VIOLENCIA CONTRA LA MUJER E INTEGRANTES DEL GRUPO FAMILIAR,LIN001,ATENCIÓN INTEGRAL Y MULTIDISCIPLINARIA PARA VICTIMAS DE VIOLENCIA,SER001,CENTRO EMERGENCIA MUJER,151001,LIMA PROVINCIAS,YAUYOS,YAUYOS,CEM113,YAUYOS,1.0,80,8.0,72,39,25,16.0,,5.0,,,15.0,,,16.0,,,10.0,,,,,,12.0,,,13.0,,,,,,6.0,,,3.0,,,"2,892"
2015,ENE - DIC,11/01/2016,ENT001,PROGRAMA NACIONAL PARA LA PREVENCIÓN Y ERRADICACIÓN DE LA VIOLENCIA CONTRA LA MUJER E INTEGRANTES DEL GRUPO FAMILIAR,LIN001,ATENCIÓN INTEGRAL Y MULTIDISCIPLINARIA PARA VICTIMAS DE VIOLENCIA,SER001,CENTRO EMERGENCIA MUJER,160201,LORETO,ALTO AMAZONAS,YURIMAGUAS,CEM114,YURIMAGUAS,1.0,327,33.0,294,142,150,35.0,,6.0,,,29.0,,,29.0,,,51.0,,,,,,97.0,,,72.0,,,,,,30.0,,,13.0,,,"4,327"
2015,ENE - DIC,11/01/2016,ENT001,PROGRAMA NACIONAL PARA LA PREVENCIÓN Y ERRADICACIÓN DE LA VIOLENCIA CONTRA LA MUJER E INTEGRANTES DEL GRUPO FAMILIAR,LIN001,ATENCIÓN INTEGRAL Y MULTIDISCIPLINARIA PARA VICTIMAS DE VIOLENCIA,SER001,CENTRO EMERGENCIA MUJER,210201,PUNO,AZÁNGARO,AZÁNGARO,CEM115,AZANGARO,1.0,259,15.0,244,134,110,15.0,,3.0,,,9.0,,,16.0,,,55.0,,,,,,69.0,,,61.0,,,,,,35.0,,,11.0,,,"9,636"
2015,ENE - DIC,11/01/2016,ENT001,PROGRAMA NACIONAL PARA LA PREVENCIÓN Y ERRADICACIÓN DE LA VIOLENCIA CONTRA LA MUJER E INTEGRANTES DEL GRUPO FAMILIAR,LIN001,ATENCIÓN INTEGRAL Y MULTIDISCIPLINARIA PARA VICTIMAS DE VIOLENCIA,SER001,CENTRO EMERGENCIA MUJER,70103,CALLAO,CALLAO,CARMEN DE LA LEGUA REYNOSO,CEM116,CARMEN DE LA LEGUA,1.0,240,59.0,181,110,103,27.0,,23.0,,,46.0,,,38.0,,,16.0,,,,,,34.0,,,28.0,,,,,,22.0,,,33.0,,,"8,330"
2015,ENE - DIC,11/01/2016,ENT001,PROGRAMA NACIONAL PARA LA PREVENCIÓN Y ERRADICACIÓN DE LA VIOLENCIA CONTRA LA MUJER E INTEGRANTES DEL GRUPO FAMILIAR,LIN001,ATENCIÓN INTEGRAL Y MULTIDISCIPLINARIA PARA VICTIMAS DE VIOLENCIA,SER001,CENTRO EMERGENCIA MUJER,120901,JUNÍN,CHUPACA,CHUPACA,CEM117,CHUPACA,1.0,255,47.0,208,58,176,21.0,,31.0,,,69.0,,,42.0,,,30.0,,,,,,29.0,,,20.0,,,,,,19.0,,,15.0,,,"23,264"
2015,ENE - DIC,11/01/2016,ENT001,PROGRAMA NACIONAL PARA LA PREVENCIÓN Y ERRADICACIÓN DE LA VIOLENCIA CONTRA LA MUJER E INTEGRANTES DEL GRUPO FAMILIAR,LIN001,ATENCIÓN INTEGRAL Y MULTIDISCIPLINARIA PARA VICTIMAS DE VIOLENCIA,SER001,CENTRO EMERGENCIA MUJER,130701,LA LIBERTAD,PACASMAYO,SAN PEDRO DE LLOC,CEM118,PACASMAYO,1.0,340,109.0,231,168,145,27.0,,43.0,,,70.0,,,57.0,,,36.0,,,,,,42.0,,,35.0,,,,,,19.0,,,38.0,,,"10,700"
2015,ENE - DIC,11/01/2016,ENT001,PROGRAMA NACIONAL PARA LA PREVENCIÓN Y ERRADICACIÓN DE LA VIOLENCIA CONTRA LA MUJER E INTEGRANTES DEL GRUPO FAMILIAR,LIN001,ATENCIÓN INTEGRAL Y MULTIDISCIPLINARIA PARA VICTIMAS DE VIOLENCIA,SER001,CENTRO EMERGENCIA MUJER,60901,CAJAMARCA,SAN IGNACIO,SAN IGANCIO,CEM119,SAN IGNACIO,1.0,250,30.0,220,90,106,54.0,,14.0,,,29.0,,,51.0,,,43.0,,,,,,55.0,,,35.0,,,,,,15.0,,,8.0,,,"8,648"
2015,ENE - DIC,11/01/2016,ENT001,PROGRAMA NACIONAL PARA LA PREVENCIÓN Y ERRADICACIÓN DE LA VIOLENCIA CONTRA LA MUJER E INTEGRANTES DEL GRUPO FAMILIAR,LIN001,ATENCIÓN INTEGRAL Y MULTIDISCIPLINARIA PARA VICTIMAS DE VIOLENCIA,SER001,CENTRO EMERGENCIA MUJER,51001,AYACUCHO,VÍCTOR FAJARDO,HUANCAPI,CEM120,VICTOR FAJARDO,1.0,203,57.0,146,170,28,5.0,,30.0,,,45.0,,,20.0,,,19.0,,,,,,28.0,,,30.0,,,,,,20.0,,,11.0,,,"7,446"
2015,ENE - DIC,11/01/2016,ENT001,PROGRAMA NACIONAL PARA LA PREVENCIÓN Y ERRADICACIÓN DE LA VIOLENCIA CONTRA LA MUJER E INTEGRANTES DEL GRUPO FAMILIAR,LIN001,ATENCIÓN INTEGRAL Y MULTIDISCIPLINARIA PARA VICTIMAS DE VIOLENCIA,SER001,CENTRO EMERGENCIA MUJER,10501,AMAZONAS,LUYA,LAMUD,CEM121,LUYA,1.0,100,20.0,80,56,34,10.0,,2.0,,,26.0,,,15.0,,,11.0,,,,,,16.0,,,12.0,,,,,,14.0,,,4.0,,,"1,284"
2015,ENE - DIC,11/01/2016,ENT001,PROGRAMA NACIONAL PARA LA PREVENCIÓN Y ERRADICACIÓN DE LA VIOLENCIA CONTRA LA MUJER E INTEGRANTES DEL GRUPO FAMILIAR,LIN001,ATENCIÓN INTEGRAL Y MULTIDISCIPLINARIA PARA VICTIMAS DE VIOLENCIA,SER001,CENTRO EMERGENCIA MUJER,150125,LIMA METROPOLITANA,LIMA,PUENTE PIEDRA,CEM122,PUENTE PIEDRA,1.0,413,39.0,374,189,143,81.0,,12.0,,,58.0,,,57.0,,,61.0,,,,,,101.0,,,77.0,,,,,,39.0,,,8.0,,,"9,068"
2015,ENE - DIC,11/01/2016,ENT001,PROGRAMA NACIONAL PARA LA PREVENCIÓN Y ERRADICACIÓN DE LA VIOLENCIA CONTRA LA MUJER E INTEGRANTES DEL GRUPO FAMILIAR,LIN001,ATENCIÓN INTEGRAL Y MULTIDISCIPLINARIA PARA VICTIMAS DE VIOLENCIA,SER001,CENTRO EMERGENCIA MUJER,210401,PUNO,CHUCUITO,JULI,CEM123,CHUCUITO,1.0,135,7.0,128,46,87,2.0,,0.0,,,3.0,,,11.0,,,21.0,,,,,,29.0,,,38.0,,,,,,29.0,,,4.0,,,"5,409"
2015,ENE - DIC,11/01/2016,ENT001,PROGRAMA NACIONAL PARA LA PREVENCIÓN Y ERRADICACIÓN DE LA VIOLENCIA CONTRA LA MUJER E INTEGRANTES DEL GRUPO FAMILIAR,LIN001,ATENCIÓN INTEGRAL Y MULTIDISCIPLINARIA PARA VICTIMAS DE VIOLENCIA,SER001,CENTRO EMERGENCIA MUJER,150601,LIMA PROVINCIAS,HUARAL,HUARAL,CEM124,HUARAL,1.0,576,116.0,460,461,64,51.0,,59.0,,,125.0,,,103.0,,,46.0,,,,,,121.0,,,68.0,,,,,,28.0,,,26.0,,,"7,309"
2015,ENE - DIC,11/01/2016,ENT001,PROGRAMA NACIONAL PARA LA PREVENCIÓN Y ERRADICACIÓN DE LA VIOLENCIA CONTRA LA MUJER E INTEGRANTES DEL GRUPO FAMILIAR,LIN001,ATENCIÓN INTEGRAL Y MULTIDISCIPLINARIA PARA VICTIMAS DE VIOLENCIA,SER001,CENTRO EMERGENCIA MUJER,220501,SAN MARTÍN,LAMAS,LAMAS,CEM125,LAMAS,1.0,123,13.0,110,71,44,8.0,,12.0,,,17.0,,,15.0,,,15.0,,,,,,30.0,,,19.0,,,,,,6.0,,,9.0,,,"4,388"
2015,ENE - DIC,11/01/2016,ENT001,PROGRAMA NACIONAL PARA LA PREVENCIÓN Y ERRADICACIÓN DE LA VIOLENCIA CONTRA LA MUJER E INTEGRANTES DEL GRUPO FAMILIAR,LIN001,ATENCIÓN INTEGRAL Y MULTIDISCIPLINARIA PARA VICTIMAS DE VIOLENCIA,SER001,CENTRO EMERGENCIA MUJER,100501,HUÁNUCO,HUAMALÍES,LLATA,CEM126,HUAMALIES,1.0,158,27.0,131,55,84,19.0,,2.0,,,13.0,,,21.0,,,21.0,,,,,,37.0,,,31.0,,,,,,22.0,,,11.0,,,"5,091"
2015,ENE - DIC,11/01/2016,ENT001,PROGRAMA NACIONAL PARA LA PREVENCIÓN Y ERRADICACIÓN DE LA VIOLENCIA CONTRA LA MUJER E INTEGRANTES DEL GRUPO FAMILIAR,LIN001,ATENCIÓN INTEGRAL Y MULTIDISCIPLINARIA PARA VICTIMAS DE VIOLENCIA,SER001,CENTRO EMERGENCIA MUJER,81201,CUSCO,QUISPICANCHI,URCOS,CEM127,QUISPICANCHI,1.0,265,18.0,247,105,136,24.0,,7.0,,,18.0,,,31.0,,,38.0,,,,,,68.0,,,58.0,,,,,,33.0,,,12.0,,,"7,408"
2015,ENE - DIC,11/01/2016,ENT001,PROGRAMA NACIONAL PARA LA PREVENCIÓN Y ERRADICACIÓN DE LA VIOLENCIA CONTRA LA MUJER E INTEGRANTES DEL GRUPO FAMILIAR,LIN001,ATENCIÓN INTEGRAL Y MULTIDISCIPLINARIA PARA VICTIMAS DE VIOLENCIA,SER001,CENTRO EMERGENCIA MUJER,200501,PIURA,PAITA,PAITA,CEM128,PAITA,1.0,289,19.0,270,209,64,16.0,,5.0,,,18.0,,,20.0,,,65.0,,,,,,86.0,,,69.0,,,,,,22.0,,,4.0,,,"4,012"
2015,ENE - DIC,11/01/2016,ENT001,PROGRAMA NACIONAL PARA LA PREVENCIÓN Y ERRADICACIÓN DE LA VIOLENCIA CONTRA LA MUJER E INTEGRANTES DEL GRUPO FAMILIAR,LIN001,ATENCIÓN INTEGRAL Y MULTIDISCIPLINARIA PARA VICTIMAS DE VIOLENCIA,SER001,CENTRO EMERGENCIA MUJER,22001,ÁNCASH,YUNGAY,YUNGAY,CEM129,YUNGAY,1.0,200,42.0,158,143,44,13.0,,4.0,,,37.0,,,37.0,,,25.0,,,,,,49.0,,,26.0,,,,,,18.0,,,4.0,,,"9,199"
2015,ENE - DIC,11/01/2016,ENT001,PROGRAMA NACIONAL PARA LA PREVENCIÓN Y ERRADICACIÓN DE LA VIOLENCIA CONTRA LA MUJER E INTEGRANTES DEL GRUPO FAMILIAR,LIN001,ATENCIÓN INTEGRAL Y MULTIDISCIPLINARIA PARA VICTIMAS DE VIOLENCIA,SER001,CENTRO EMERGENCIA MUJER,21001,ÁNCASH,HUARI,HUARI,CEM130,HUARI,1.0,161,20.0,141,64,81,16.0,,14.0,,,23.0,,,17.0,,,20.0,,,,,,31.0,,,22.0,,,,,,16.0,,,18.0,,,"8,579"
2015,ENE - DIC,11/01/2016,ENT001,PROGRAMA NACIONAL PARA LA PREVENCIÓN Y ERRADICACIÓN DE LA VIOLENCIA CONTRA LA MUJER E INTEGRANTES DEL GRUPO FAMILIAR,LIN001,ATENCIÓN INTEGRAL Y MULTIDISCIPLINARIA PARA VICTIMAS DE VIOLENCIA,SER001,CENTRO EMERGENCIA MUJER,180301,MOQUEGUA,ILO,ILO,CEM131,ILO,1.0,269,32.0,237,166,88,15.0,,10.0,,,31.0,,,24.0,,,32.0,,,,,,76.0,,,62.0,,,,,,25.0,,,9.0,,,"9,285"
2015,ENE - DIC,11/01/2016,ENT001,PROGRAMA NACIONAL PARA LA PREVENCIÓN Y ERRADICACIÓN DE LA VIOLENCIA CONTRA LA MUJER E INTEGRANTES DEL GRUPO FAMILIAR,LIN001,ATENCIÓN INTEGRAL Y MULTIDISCIPLINARIA PARA VICTIMAS DE VIOLENCIA,SER001,CENTRO EMERGENCIA MUJER,200701,PIURA,TALARA,PARIÑAS,CEM132,TALARA,1.0,281,38.0,243,130,137,14.0,,25.0,,,68.0,,,16.0,,,42.0,,,,,,74.0,,,32.0,,,,,,22.0,,,2.0,,,"5,178"
2015,ENE - DIC,11/01/2016,ENT001,PROGRAMA NACIONAL PARA LA PREVENCIÓN Y ERRADICACIÓN DE LA VIOLENCIA CONTRA LA MUJER E INTEGRANTES DEL GRUPO FAMILIAR,LIN001,ATENCIÓN INTEGRAL Y MULTIDISCIPLINARIA PARA VICTIMAS DE VIOLENCIA,SER001,CENTRO EMERGENCIA MUJER,200301,PIURA,HUANCABAMBA,HUANCABAMBA,CEM133,HUANCABAMBA,1.0,231,23.0,208,83,107,41.0,,11.0,,,27.0,,,42.0,,,40.0,,,,,,48.0,,,38.0,,,,,,19.0,,,6.0,,,"9,744"
2015,ENE - DIC,11/01/2016,ENT001,PROGRAMA NACIONAL PARA LA PREVENCIÓN Y ERRADICACIÓN DE LA VIOLENCIA CONTRA LA MUJER E INTEGRANTES DEL GRUPO FAMILIAR,LIN001,ATENCIÓN INTEGRAL Y MULTIDISCIPLINARIA PARA VICTIMAS DE VIOLENCIA,SER001,CENTRO EMERGENCIA MUJER,100801,HUÁNUCO,PACHITEA,PANAO,CEM134,PACHITEA,1.0,121,9.0,112,27,75,19.0,,3.0,,,7.0,,,15.0,,,26.0,,,,,,35.0,,,26.0,,,,,,9.0,,,0.0,,,"7,961"
2015,ENE - DIC,11/01/2016,ENT001,PROGRAMA NACIONAL PARA LA PREVENCIÓN Y ERRADICACIÓN DE LA VIOLENCIA CONTRA LA MUJER E INTEGRANTES DEL GRUPO FAMILIAR,LIN001,ATENCIÓN INTEGRAL Y MULTIDISCIPLINARIA PARA VICTIMAS DE VIOLENCIA,SER001,CENTRO EMERGENCIA MUJER,90301,HUANCAVELICA,ANGARAES,LIRCAY,CEM135,ANGARAES,1.0,183,13.0,170,47,110,26.0,,3.0,,,11.0,,,16.0,,,36.0,,,,,,58.0,,,25.0,,,,,,27.0,,,7.0,,,"5,078"
2015,ENE - DIC,11/01/2016,ENT001,PROGRAMA NACIONAL PARA LA PREVENCIÓN Y ERRADICACIÓN DE LA VIOLENCIA CONTRA LA MUJER E INTEGRANTES DEL GRUPO FAMILIAR,LIN001,ATENCIÓN INTEGRAL Y MULTIDISCIPLINARIA PARA VICTIMAS DE VIOLENCIA,SER001,CENTRO EMERGENCIA MUJER,60601,CAJAMARCA,CUTERVO,CUTERVO,CEM136,CUTERVO,1.0,165,16.0,149,50,100,15.0,,6.0,,,22.0,,,20.0,,,34.0,,,,,,42.0,,,22.0,,,,,,15.0,,,4.0,,,"5,756"
2015,ENE - DIC,11/01/2016,ENT001,PROGRAMA NACIONAL PARA LA PREVENCIÓN Y ERRADICACIÓN DE LA VIOLENCIA CONTRA LA MUJER E INTEGRANTES DEL GRUPO FAMILIAR,LIN001,ATENCIÓN INTEGRAL Y MULTIDISCIPLINARIA PARA VICTIMAS DE VIOLENCIA,SER001,CENTRO EMERGENCIA MUJER,130401,LA LIBERTAD,CHEPÉN,CHEPÉN,CEM137,CHEPEN,1.0,308,37.0,271,116,165,27.0,,12.0,,,28.0,,,38.0,,,72.0,,,,,,70.0,,,54.0,,,,,,28.0,,,6.0,,,"7,921"
2015,ENE - DIC,11/01/2016,ENT001,PROGRAMA NACIONAL PARA LA PREVENCIÓN Y ERRADICACIÓN DE LA VIOLENCIA CONTRA LA MUJER E INTEGRANTES DEL GRUPO FAMILIAR,LIN001,ATENCIÓN INTEGRAL Y MULTIDISCIPLINARIA PARA VICTIMAS DE VIOLENCIA,SER001,CENTRO EMERGENCIA MUJER,60701,CAJAMARCA,HUALGAYOC,BAMBAMARCA,CEM138,HUALGAYOC,1.0,161,19.0,142,100,57,4.0,,4.0,,,17.0,,,18.0,,,19.0,,,,,,39.0,,,34.0,,,,,,21.0,,,9.0,,,"4,624"
2015,ENE - DIC,11/01/2016,ENT001,PROGRAMA NACIONAL PARA LA PREVENCIÓN Y ERRADICACIÓN DE LA VIOLENCIA CONTRA LA MUJER E INTEGRANTES DEL GRUPO FAMILIAR,LIN001,ATENCIÓN INTEGRAL Y MULTIDISCIPLINARIA PARA VICTIMAS DE VIOLENCIA,SER001,CENTRO EMERGENCIA MUJER,160401,LORETO,MARISCAL RAMÓN CASTILLA,RAMÓN CASTILLA,CEM139,CABALLO COCHA,1.0,235,38.0,197,108,70,57.0,,20.0,,,53.0,,,65.0,,,21.0,,,,,,35.0,,,28.0,,,,,,12.0,,,1.0,,,"4,750"
2015,ENE - DIC,11/01/2016,ENT001,PROGRAMA NACIONAL PARA LA PREVENCIÓN Y ERRADICACIÓN DE LA VIOLENCIA CONTRA LA MUJER E INTEGRANTES DEL GRUPO FAMILIAR,LIN001,ATENCIÓN INTEGRAL Y MULTIDISCIPLINARIA PARA VICTIMAS DE VIOLENCIA,SER001,CENTRO EMERGENCIA MUJER,40701,AREQUIPA,ISLAY,MOLLENDO,CEM140,ISLAY,1.0,174,14.0,160,104,58,12.0,,8.0,,,18.0,,,16.0,,,12.0,,,,,,51.0,,,48.0,,,,,,13.0,,,8.0,,,"5,558"
2015,ENE - DIC,11/01/2016,ENT001,PROGRAMA NACIONAL PARA LA PREVENCIÓN Y ERRADICACIÓN DE LA VIOLENCIA CONTRA LA MUJER E INTEGRANTES DEL GRUPO FAMILIAR,LIN001,ATENCIÓN INTEGRAL Y MULTIDISCIPLINARIA PARA VICTIMAS DE VIOLENCIA,SER001,CENTRO EMERGENCIA MUJER,131201,LA LIBERTAD,VIRÚ,VIRÚ,CEM141,VIRU,1.0,160,15.0,145,30,85,45.0,,10.0,,,16.0,,,27.0,,,30.0,,,,,,46.0,,,14.0,,,,,,14.0,,,3.0,,,"4,623"
2015,ENE - DIC,11/01/2016,ENT001,PROGRAMA NACIONAL PARA LA PREVENCIÓN Y ERRADICACIÓN DE LA VIOLENCIA CONTRA LA MUJER E INTEGRANTES DEL GRUPO FAMILIAR,LIN001,ATENCIÓN INTEGRAL Y MULTIDISCIPLINARIA PARA VICTIMAS DE VIOLENCIA,SER001,CENTRO EMERGENCIA MUJER,110207,ICA,CHINCHA,PUEBLO NUEVO ,CEM142,PUEBLO NUEVO,1.0,353,49.0,304,181,137,35.0,,10.0,,,67.0,,,36.0,,,44.0,,,,,,85.0,,,64.0,,,,,,35.0,,,12.0,,,"6,843"
2015,ENE - DIC,11/01/2016,ENT001,PROGRAMA NACIONAL PARA LA PREVENCIÓN Y ERRADICACIÓN DE LA VIOLENCIA CONTRA LA MUJER E INTEGRANTES DEL GRUPO FAMILIAR,LIN001,ATENCIÓN INTEGRAL Y MULTIDISCIPLINARIA PARA VICTIMAS DE VIOLENCIA,SER001,CENTRO EMERGENCIA MUJER,20801,ÁNCASH,CASMA,CASMA,CEM143,CASMA,1.0,277,75.0,202,208,43,26.0,,55.0,,,58.0,,,41.0,,,30.0,,,,,,48.0,,,28.0,,,,,,13.0,,,4.0,,,"13,156"
2015,ENE - DIC,11/01/2016,ENT001,PROGRAMA NACIONAL PARA LA PREVENCIÓN Y ERRADICACIÓN DE LA VIOLENCIA CONTRA LA MUJER E INTEGRANTES DEL GRUPO FAMILIAR,LIN001,ATENCIÓN INTEGRAL Y MULTIDISCIPLINARIA PARA VICTIMAS DE VIOLENCIA,SER001,CENTRO EMERGENCIA MUJER,211001,PUNO,SAN ANTONIO DE PUTINA ,PUTINA,CEM144,SAN ANTONIO DE PUTINA,1.0,148,16.0,132,50,96,2.0,,6.0,,,4.0,,,14.0,,,36.0,,,,,,34.0,,,30.0,,,,,,17.0,,,7.0,,,"6,774"
2015,ENE - DIC,11/01/2016,ENT001,PROGRAMA NACIONAL PARA LA PREVENCIÓN Y ERRADICACIÓN DE LA VIOLENCIA CONTRA LA MUJER E INTEGRANTES DEL GRUPO FAMILIAR,LIN001,ATENCIÓN INTEGRAL Y MULTIDISCIPLINARIA PARA VICTIMAS DE VIOLENCIA,SER001,CENTRO EMERGENCIA MUJER,150128,LIMA METROPOLITANA,LIMA,RÍMAC,CEM145,RÍMAC,1.0,421,56.0,365,195,147,79.0,,20.0,,,79.0,,,84.0,,,38.0,,,,,,79.0,,,59.0,,,,,,35.0,,,27.0,,,"9,780"
2015,ENE - DIC,11/01/2016,ENT001,PROGRAMA NACIONAL PARA LA PREVENCIÓN Y ERRADICACIÓN DE LA VIOLENCIA CONTRA LA MUJER E INTEGRANTES DEL GRUPO FAMILIAR,LIN001,ATENCIÓN INTEGRAL Y MULTIDISCIPLINARIA PARA VICTIMAS DE VIOLENCIA,SER001,CENTRO EMERGENCIA MUJER,80301,CUSCO,ANTA,ANTA,CEM146,ANTA,1.0,282,49.0,233,123,148,11.0,,19.0,,,38.0,,,50.0,,,27.0,,,,,,46.0,,,50.0,,,,,,41.0,,,11.0,,,"7,353"
2015,ENE - DIC,11/01/2016,ENT001,PROGRAMA NACIONAL PARA LA PREVENCIÓN Y ERRADICACIÓN DE LA VIOLENCIA CONTRA LA MUJER E INTEGRANTES DEL GRUPO FAMILIAR,LIN001,ATENCIÓN INTEGRAL Y MULTIDISCIPLINARIA PARA VICTIMAS DE VIOLENCIA,SER001,CENTRO EMERGENCIA MUJER,230201,TACNA,CANDARAVE,CANDARAVE,CEM147,CANDARAVE,1.0,95,14.0,81,50,43,2.0,,3.0,,,17.0,,,16.0,,,9.0,,,,,,10.0,,,23.0,,,,,,3.0,,,14.0,,,"2,089"
2015,ENE - DIC,11/01/2016,ENT001,PROGRAMA NACIONAL PARA LA PREVENCIÓN Y ERRADICACIÓN DE LA VIOLENCIA CONTRA LA MUJER E INTEGRANTES DEL GRUPO FAMILIAR,LIN001,ATENCIÓN INTEGRAL Y MULTIDISCIPLINARIA PARA VICTIMAS DE VIOLENCIA,SER001,CENTRO EMERGENCIA MUJER,60201,CAJAMARCA,CAJABAMBA,CAJABAMBA,CEM148,CAJABAMBA,1.0,97,3.0,94,48,43,6.0,,0.0,,,4.0,,,6.0,,,24.0,,,,,,21.0,,,20.0,,,,,,17.0,,,5.0,,,"1,621"
2015,ENE - DIC,11/01/2016,ENT001,PROGRAMA NACIONAL PARA LA PREVENCIÓN Y ERRADICACIÓN DE LA VIOLENCIA CONTRA LA MUJER E INTEGRANTES DEL GRUPO FAMILIAR,LIN001,ATENCIÓN INTEGRAL Y MULTIDISCIPLINARIA PARA VICTIMAS DE VIOLENCIA,SER001,CENTRO EMERGENCIA MUJER,30501,APURÍMAC,COTABAMBAS,TAMBOBAMBA,CEM149,COTABAMBAS,1.0,147,25.0,122,36,100,11.0,,6.0,,,10.0,,,24.0,,,29.0,,,,,,37.0,,,16.0,,,,,,16.0,,,9.0,,,"6,995"
2015,ENE - DIC,11/01/2016,ENT001,PROGRAMA NACIONAL PARA LA PREVENCIÓN Y ERRADICACIÓN DE LA VIOLENCIA CONTRA LA MUJER E INTEGRANTES DEL GRUPO FAMILIAR,LIN001,ATENCIÓN INTEGRAL Y MULTIDISCIPLINARIA PARA VICTIMAS DE VIOLENCIA,SER001,CENTRO EMERGENCIA MUJER,210301,PUNO,CARABAYA,MACUSANI,CEM150,CARABAYA,1.0,265,19.0,246,101,137,27.0,,7.0,,,19.0,,,26.0,,,47.0,,,,,,82.0,,,50.0,,,,,,31.0,,,3.0,,,"6,782"
2015,ENE - DIC,11/01/2016,ENT001,PROGRAMA NACIONAL PARA LA PREVENCIÓN Y ERRADICACIÓN DE LA VIOLENCIA CONTRA LA MUJER E INTEGRANTES DEL GRUPO FAMILIAR,LIN001,ATENCIÓN INTEGRAL Y MULTIDISCIPLINARIA PARA VICTIMAS DE VIOLENCIA,SER001,CENTRO EMERGENCIA MUJER,211201,PUNO,SANDIA,SANDIA,CEM151,SANDIA,1.0,160,13.0,147,66,79,15.0,,1.0,,,28.0,,,17.0,,,30.0,,,,,,32.0,,,21.0,,,,,,21.0,,,10.0,,,"7,059"
2015,ENE - DIC,11/01/2016,ENT001,PROGRAMA NACIONAL PARA LA PREVENCIÓN Y ERRADICACIÓN DE LA VIOLENCIA CONTRA LA MUJER E INTEGRANTES DEL GRUPO FAMILIAR,LIN001,ATENCIÓN INTEGRAL Y MULTIDISCIPLINARIA PARA VICTIMAS DE VIOLENCIA,SER001,CENTRO EMERGENCIA MUJER,160701,LORETO,DATEM DEL MARAÑON,BARRANCA,CEM152,DATEM DEL MARAÑON,1.0,66,9.0,57,6,47,13.0,,4.0,,,7.0,,,16.0,,,10.0,,,,,,16.0,,,12.0,,,,,,1.0,,,0.0,,,346
2015,ENE - DIC,11/01/2016,ENT001,PROGRAMA NACIONAL PARA LA PREVENCIÓN Y ERRADICACIÓN DE LA VIOLENCIA CONTRA LA MUJER E INTEGRANTES DEL GRUPO FAMILIAR,LIN001,ATENCIÓN INTEGRAL Y MULTIDISCIPLINARIA PARA VICTIMAS DE VIOLENCIA,SER001,CENTRO EMERGENCIA MUJER,81301,CUSCO,URUBAMBA,URUBAMBA,CEM153,URUBAMBA,1.0,208,13.0,195,122,72,14.0,,4.0,,,11.0,,,18.0,,,21.0,,,,,,55.0,,,58.0,,,,,,30.0,,,11.0,,,"6,474"
2015,ENE - DIC,11/01/2016,ENT001,PROGRAMA NACIONAL PARA LA PREVENCIÓN Y ERRADICACIÓN DE LA VIOLENCIA CONTRA LA MUJER E INTEGRANTES DEL GRUPO FAMILIAR,LIN001,ATENCIÓN INTEGRAL Y MULTIDISCIPLINARIA PARA VICTIMAS DE VIOLENCIA,SER001,CENTRO EMERGENCIA MUJER,120501,JUNÍN,JUNÍN,JUNÍN,CEM154,JUNIN,1.0,242,52.0,190,122,110,10.0,,34.0,,,34.0,,,40.0,,,33.0,,,,,,48.0,,,27.0,,,,,,15.0,,,11.0,,,"8,522"
2015,ENE - DIC,11/01/2016,ENT001,PROGRAMA NACIONAL PARA LA PREVENCIÓN Y ERRADICACIÓN DE LA VIOLENCIA CONTRA LA MUJER E INTEGRANTES DEL GRUPO FAMILIAR,LIN001,ATENCIÓN INTEGRAL Y MULTIDISCIPLINARIA PARA VICTIMAS DE VIOLENCIA,SER001,CENTRO EMERGENCIA MUJER,150201,LIMA PROVINCIAS,BARRANCA,BARRANCA,CEM155,BARRANCA,1.0,177,11.0,166,100,68,9.0,,4.0,,,8.0,,,27.0,,,26.0,,,,,,62.0,,,32.0,,,,,,12.0,,,6.0,,,"2,780"
2015,ENE - DIC,11/01/2016,ENT001,PROGRAMA NACIONAL PARA LA PREVENCIÓN Y ERRADICACIÓN DE LA VIOLENCIA CONTRA LA MUJER E INTEGRANTES DEL GRUPO FAMILIAR,LIN001,ATENCIÓN INTEGRAL Y MULTIDISCIPLINARIA PARA VICTIMAS DE VIOLENCIA,SER001,CENTRO EMERGENCIA MUJER,10401,AMAZONAS,CONDORCANQUI,NIEVA,CEM156,CONDORCANQUI,1.0,112,9.0,103,51,42,19.0,,5.0,,,14.0,,,19.0,,,26.0,,,,,,29.0,,,15.0,,,,,,2.0,,,2.0,,,"2,592"
2015,ENE - DIC,11/01/2016,ENT001,PROGRAMA NACIONAL PARA LA PREVENCIÓN Y ERRADICACIÓN DE LA VIOLENCIA CONTRA LA MUJER E INTEGRANTES DEL GRUPO FAMILIAR,LIN001,ATENCIÓN INTEGRAL Y MULTIDISCIPLINARIA PARA VICTIMAS DE VIOLENCIA,SER001,CENTRO EMERGENCIA MUJER,100301,HUÁNUCO,DOS DE MAYO,LA UNIÓN,CEM157,DOS DE MAYO,1.0,118,3.0,115,35,65,18.0,,2.0,,,2.0,,,16.0,,,19.0,,,,,,43.0,,,15.0,,,,,,16.0,,,5.0,,,"3,439"
2015,ENE - DIC,11/01/2016,ENT001,PROGRAMA NACIONAL PARA LA PREVENCIÓN Y ERRADICACIÓN DE LA VIOLENCIA CONTRA LA MUJER E INTEGRANTES DEL GRUPO FAMILIAR,LIN001,ATENCIÓN INTEGRAL Y MULTIDISCIPLINARIA PARA VICTIMAS DE VIOLENCIA,SER001,CENTRO EMERGENCIA MUJER,210601,PUNO,HUANCANÉ,HUANCANÉ,CEM158,HUANCANE,1.0,170,19.0,151,60,87,23.0,,5.0,,,14.0,,,33.0,,,22.0,,,,,,23.0,,,27.0,,,,,,22.0,,,24.0,,,"9,218"
2015,ENE - DIC,11/01/2016,ENT001,PROGRAMA NACIONAL PARA LA PREVENCIÓN Y ERRADICACIÓN DE LA VIOLENCIA CONTRA LA MUJER E INTEGRANTES DEL GRUPO FAMILIAR,LIN001,ATENCIÓN INTEGRAL Y MULTIDISCIPLINARIA PARA VICTIMAS DE VIOLENCIA,SER001,CENTRO EMERGENCIA MUJER,21201,ÁNCASH,HUAYLAS,CARAZ,CEM159,HUAYLAS,1.0,172,26.0,146,65,80,27.0,,14.0,,,29.0,,,25.0,,,14.0,,,,,,28.0,,,31.0,,,,,,19.0,,,12.0,,,"4,016"
2015,ENE - DIC,11/01/2016,ENT001,PROGRAMA NACIONAL PARA LA PREVENCIÓN Y ERRADICACIÓN DE LA VIOLENCIA CONTRA LA MUJER E INTEGRANTES DEL GRUPO FAMILIAR,LIN001,ATENCIÓN INTEGRAL Y MULTIDISCIPLINARIA PARA VICTIMAS DE VIOLENCIA,SER001,CENTRO EMERGENCIA MUJER,90601,HUANCAVELICA,HUAYTARA,HUAYTARA,CEM160,HUAYTARA,1.0,139,22.0,117,116,15,8.0,,8.0,,,16.0,,,17.0,,,18.0,,,,,,32.0,,,30.0,,,,,,18.0,,,0.0,,,"5,109"
2015,ENE - DIC,11/01/2016,ENT001,PROGRAMA NACIONAL PARA LA PREVENCIÓN Y ERRADICACIÓN DE LA VIOLENCIA CONTRA LA MUJER E INTEGRANTES DEL GRUPO FAMILIAR,LIN001,ATENCIÓN INTEGRAL Y MULTIDISCIPLINARIA PARA VICTIMAS DE VIOLENCIA,SER001,CENTRO EMERGENCIA MUJER,210701,PUNO,LAMPA,LAMPA,CEM161,LAMPA,1.0,230,42.0,188,131,92,7.0,,9.0,,,28.0,,,28.0,,,38.0,,,,,,49.0,,,35.0,,,,,,31.0,,,12.0,,,"5,233"
2015,ENE - DIC,11/01/2016,ENT001,PROGRAMA NACIONAL PARA LA PREVENCIÓN Y ERRADICACIÓN DE LA VIOLENCIA CONTRA LA MUJER E INTEGRANTES DEL GRUPO FAMILIAR,LIN001,ATENCIÓN INTEGRAL Y MULTIDISCIPLINARIA PARA VICTIMAS DE VIOLENCIA,SER001,CENTRO EMERGENCIA MUJER,250201,UCAYALI,ATALAYA,RAYMONDI,CEM162,ATALAYA,1.0,107,11.0,96,40,48,19.0,,4.0,,,10.0,,,20.0,,,22.0,,,,,,18.0,,,17.0,,,,,,10.0,,,6.0,,,"1,480"
2015,ENE - DIC,11/01/2016,ENT001,PROGRAMA NACIONAL PARA LA PREVENCIÓN Y ERRADICACIÓN DE LA VIOLENCIA CONTRA LA MUJER E INTEGRANTES DEL GRUPO FAMILIAR,LIN001,ATENCIÓN INTEGRAL Y MULTIDISCIPLINARIA PARA VICTIMAS DE VIOLENCIA,SER001,CENTRO EMERGENCIA MUJER,20601,ÁNCASH,CARHUAZ,CARHUAZ,CEM163,CARHUAZ,1.0,209,25.0,184,72,117,20.0,,12.0,,,22.0,,,34.0,,,25.0,,,,,,51.0,,,34.0,,,,,,18.0,,,13.0,,,"7,141"
2015,ENE - DIC,11/01/2016,ENT001,PROGRAMA NACIONAL PARA LA PREVENCIÓN Y ERRADICACIÓN DE LA VIOLENCIA CONTRA LA MUJER E INTEGRANTES DEL GRUPO FAMILIAR,LIN001,ATENCIÓN INTEGRAL Y MULTIDISCIPLINARIA PARA VICTIMAS DE VIOLENCIA,SER001,CENTRO EMERGENCIA MUJER,60301,CAJAMARCA,CELENDÍN,CELENDÍN,CEM164,CELENDÍN,1.0,123,15.0,108,34,72,17.0,,7.0,,,7.0,,,16.0,,,20.0,,,,,,24.0,,,20.0,,,,,,20.0,,,9.0,,,"4,329"
2015,ENE - DIC,11/01/2016,ENT001,PROGRAMA NACIONAL PARA LA PREVENCIÓN Y ERRADICACIÓN DE LA VIOLENCIA CONTRA LA MUJER E INTEGRANTES DEL GRUPO FAMILIAR,LIN001,ATENCIÓN INTEGRAL Y MULTIDISCIPLINARIA PARA VICTIMAS DE VIOLENCIA,SER001,CENTRO EMERGENCIA MUJER,160501,LORETO,REQUENA,REQUENA,CEM165,REQUENA,1.0,141,14.0,127,56,63,22.0,,2.0,,,16.0,,,21.0,,,32.0,,,,,,26.0,,,31.0,,,,,,10.0,,,3.0,,,"1,355"
2015,ENE - DIC,11/01/2016,ENT001,PROGRAMA NACIONAL PARA LA PREVENCIÓN Y ERRADICACIÓN DE LA VIOLENCIA CONTRA LA MUJER E INTEGRANTES DEL GRUPO FAMILIAR,LIN001,ATENCIÓN INTEGRAL Y MULTIDISCIPLINARIA PARA VICTIMAS DE VIOLENCIA,SER001,CENTRO EMERGENCIA MUJER,220601,SAN MARTÍN,MARISCAL CÁCERES,JUANJUI,CEM166,MARISCAL CÁCERES,1.0,237,48.0,189,82,106,49.0,,28.0,,,71.0,,,53.0,,,14.0,,,,,,36.0,,,16.0,,,,,,18.0,,,1.0,,,"6,584"
2015,ENE - DIC,11/01/2016,ENT001,PROGRAMA NACIONAL PARA LA PREVENCIÓN Y ERRADICACIÓN DE LA VIOLENCIA CONTRA LA MUJER E INTEGRANTES DEL GRUPO FAMILIAR,LIN001,ATENCIÓN INTEGRAL Y MULTIDISCIPLINARIA PARA VICTIMAS DE VIOLENCIA,SER001,CENTRO EMERGENCIA MUJER,220201,SAN MARTÍN,BELLAVISTA,BELLAVISTA,CEM167,BELLAVISTA-SAN MARTIN,1.0,179,26.0,153,134,27,18.0,,9.0,,,24.0,,,31.0,,,23.0,,,,,,40.0,,,31.0,,,,,,15.0,,,6.0,,,"2,811"
2015,ENE - DIC,11/01/2016,ENT001,PROGRAMA NACIONAL PARA LA PREVENCIÓN Y ERRADICACIÓN DE LA VIOLENCIA CONTRA LA MUJER E INTEGRANTES DEL GRUPO FAMILIAR,LIN001,ATENCIÓN INTEGRAL Y MULTIDISCIPLINARIA PARA VICTIMAS DE VIOLENCIA,SER001,CENTRO EMERGENCIA MUJER,190201,PASCO,DANIEL ALCIDES CARRIÓN,YANAHUANCA,CEM168,DANIEL ALCIDES CARRION,1.0,123,15.0,108,52,55,16.0,,5.0,,,4.0,,,16.0,,,21.0,,,,,,26.0,,,26.0,,,,,,21.0,,,4.0,,,"5,833"
2015,ENE - DIC,11/01/2016,ENT001,PROGRAMA NACIONAL PARA LA PREVENCIÓN Y ERRADICACIÓN DE LA VIOLENCIA CONTRA LA MUJER E INTEGRANTES DEL GRUPO FAMILIAR,LIN001,ATENCIÓN INTEGRAL Y MULTIDISCIPLINARIA PARA VICTIMAS DE VIOLENCIA,SER001,CENTRO EMERGENCIA MUJER,230301,TACNA,JORGE BASADRE,LOCUMBA,CEM169,JORGE BASADRE,1.0,52,9.0,43,29,17,6.0,,6.0,,,7.0,,,12.0,,,5.0,,,,,,11.0,,,7.0,,,,,,4.0,,,0.0,,,"2,233"
2015,ENE - DIC,11/01/2016,ENT001,PROGRAMA NACIONAL PARA LA PREVENCIÓN Y ERRADICACIÓN DE LA VIOLENCIA CONTRA LA MUJER E INTEGRANTES DEL GRUPO FAMILIAR,LIN001,ATENCIÓN INTEGRAL Y MULTIDISCIPLINARIA PARA VICTIMAS DE VIOLENCIA,SER001,CENTRO EMERGENCIA MUJER,240301,TUMBES,ZARUMILLA,ZARUMILLA,CEM170,ZARUMILLA,1.0,169,25.0,144,135,30,4.0,,4.0,,,26.0,,,19.0,,,30.0,,,,,,50.0,,,33.0,,,,,,7.0,,,0.0,,,"1,565"
2015,ENE - DIC,11/01/2016,ENT001,PROGRAMA NACIONAL PARA LA PREVENCIÓN Y ERRADICACIÓN DE LA VIOLENCIA CONTRA LA MUJER E INTEGRANTES DEL GRUPO FAMILIAR,LIN001,ATENCIÓN INTEGRAL Y MULTIDISCIPLINARIA PARA VICTIMAS DE VIOLENCIA,SER001,CENTRO EMERGENCIA MUJER,120606,JUNÍN,SATIPO,PANGOA,CEM171,PANGOA,1.0,314,18.0,296,93,152,69.0,,11.0,,,43.0,,,54.0,,,61.0,,,,,,79.0,,,46.0,,,,,,17.0,,,3.0,,,"3,410"
2015,ENE - DIC,11/01/2016,ENT001,PROGRAMA NACIONAL PARA LA PREVENCIÓN Y ERRADICACIÓN DE LA VIOLENCIA CONTRA LA MUJER E INTEGRANTES DEL GRUPO FAMILIAR,LIN001,ATENCIÓN INTEGRAL Y MULTIDISCIPLINARIA PARA VICTIMAS DE VIOLENCIA,SER001,CENTRO EMERGENCIA MUJER,50407,AYACUCHO,HUANTA,SIVIA,CEM172,SIVIA,1.0,187,22.0,165,100,67,20.0,,16.0,,,22.0,,,23.0,,,26.0,,,,,,45.0,,,29.0,,,,,,22.0,,,4.0,,,"5,548"
2015,ENE - DIC,11/01/2016,ENT001,PROGRAMA NACIONAL PARA LA PREVENCIÓN Y ERRADICACIÓN DE LA VIOLENCIA CONTRA LA MUJER E INTEGRANTES DEL GRUPO FAMILIAR,LIN001,ATENCIÓN INTEGRAL Y MULTIDISCIPLINARIA PARA VICTIMAS DE VIOLENCIA,SER001,CENTRO EMERGENCIA MUJER,80401,CUSCO,CALCA,CALCA,CEM173,CALCA,1.0,139,13.0,126,29,89,21.0,,8.0,,,17.0,,,17.0,,,16.0,,,,,,20.0,,,36.0,,,,,,20.0,,,5.0,,,"3,789"
2015,ENE - DIC,11/01/2016,ENT001,PROGRAMA NACIONAL PARA LA PREVENCIÓN Y ERRADICACIÓN DE LA VIOLENCIA CONTRA LA MUJER E INTEGRANTES DEL GRUPO FAMILIAR,LIN001,ATENCIÓN INTEGRAL Y MULTIDISCIPLINARIA PARA VICTIMAS DE VIOLENCIA,SER001,CENTRO EMERGENCIA MUJER,131101,LA LIBERTAD,GRAN CHIMU,CASCAS,CEM174,GRAN CHIMU,1.0,48,19.0,29,8,34,6.0,,11.0,,,18.0,,,9.0,,,0.0,,,,,,6.0,,,2.0,,,,,,2.0,,,0.0,,,"3,002"
2015,ENE - DIC,11/01/2016,ENT001,PROGRAMA NACIONAL PARA LA PREVENCIÓN Y ERRADICACIÓN DE LA VIOLENCIA CONTRA LA MUJER E INTEGRANTES DEL GRUPO FAMILIAR,LIN001,ATENCIÓN INTEGRAL Y MULTIDISCIPLINARIA PARA VICTIMAS DE VIOLENCIA,SER001,CENTRO EMERGENCIA MUJER,110104,ICA,ICA,OCUCAJE,CEM175,OCUCAJE,1.0,77,24.0,53,31,35,11.0,,7.0,,,27.0,,,14.0,,,12.0,,,,,,9.0,,,3.0,,,,,,5.0,,,0.0,,,"3,618"
2015,ENE - DIC,11/01/2016,ENT001,PROGRAMA NACIONAL PARA LA PREVENCIÓN Y ERRADICACIÓN DE LA VIOLENCIA CONTRA LA MUJER E INTEGRANTES DEL GRUPO FAMILIAR,LIN001,ATENCIÓN INTEGRAL Y MULTIDISCIPLINARIA PARA VICTIMAS DE VIOLENCIA,SER001,CENTRO EMERGENCIA MUJER,110102,ICA,ICA,LA TINGUIÑA,CEM176,LA TINGUIÑA,1.0,434,102.0,332,190,201,43.0,,31.0,,,109.0,,,91.0,,,45.0,,,,,,66.0,,,54.0,,,,,,25.0,,,13.0,,,"21,311"
2015,ENE - DIC,11/01/2016,ENT001,PROGRAMA NACIONAL PARA LA PREVENCIÓN Y ERRADICACIÓN DE LA VIOLENCIA CONTRA LA MUJER E INTEGRANTES DEL GRUPO FAMILIAR,LIN001,ATENCIÓN INTEGRAL Y MULTIDISCIPLINARIA PARA VICTIMAS DE VIOLENCIA,SER001,CENTRO EMERGENCIA MUJER,90401,HUANCAVELICA,CASTROVIRREYNA,CASTROVIRREYNA,CEM177,CASTROVIRREYNA,1.0,146,58.0,88,39,89,18.0,,31.0,,,33.0,,,23.0,,,10.0,,,,,,19.0,,,19.0,,,,,,8.0,,,3.0,,,"5,152"
2015,ENE - DIC,11/01/2016,ENT001,PROGRAMA NACIONAL PARA LA PREVENCIÓN Y ERRADICACIÓN DE LA VIOLENCIA CONTRA LA MUJER E INTEGRANTES DEL GRUPO FAMILIAR,LIN001,ATENCIÓN INTEGRAL Y MULTIDISCIPLINARIA PARA VICTIMAS DE VIOLENCIA,SER001,CENTRO EMERGENCIA MUJER,60501,CAJAMARCA,CONTUMAZA,CONTUMAZA,CEM178,CONTUMAZA,1.0,59,5.0,54,33,15,11.0,,0.0,,,4.0,,,7.0,,,10.0,,,,,,13.0,,,10.0,,,,,,3.0,,,12.0,,,977
2015,ENE - DIC,11/01/2016,ENT001,PROGRAMA NACIONAL PARA LA PREVENCIÓN Y ERRADICACIÓN DE LA VIOLENCIA CONTRA LA MUJER E INTEGRANTES DEL GRUPO FAMILIAR,LIN001,ATENCIÓN INTEGRAL Y MULTIDISCIPLINARIA PARA VICTIMAS DE VIOLENCIA,SER001,CENTRO EMERGENCIA MUJER,100901,HUÁNUCO,PUERTO INCA,PUERTO INCA,CEM179,PUERTO INCA,1.0,129,19.0,110,17,87,25.0,,4.0,,,30.0,,,19.0,,,21.0,,,,,,28.0,,,16.0,,,,,,4.0,,,7.0,,,"3,713"
2015,ENE - DIC,11/01/2016,ENT001,PROGRAMA NACIONAL PARA LA PREVENCIÓN Y ERRADICACIÓN DE LA VIOLENCIA CONTRA LA MUJER E INTEGRANTES DEL GRUPO FAMILIAR,LIN001,ATENCIÓN INTEGRAL Y MULTIDISCIPLINARIA PARA VICTIMAS DE VIOLENCIA,SER001,CENTRO EMERGENCIA MUJER,160601,LORETO,UCAYALI,CONTAMANA,CEM180,UCAYALI,1.0,205,14.0,191,115,59,31.0,,2.0,,,25.0,,,27.0,,,22.0,,,,,,48.0,,,49.0,,,,,,16.0,,,16.0,,,"1,771"
2015,ENE - DIC,11/01/2016,ENT001,PROGRAMA NACIONAL PARA LA PREVENCIÓN Y ERRADICACIÓN DE LA VIOLENCIA CONTRA LA MUJER E INTEGRANTES DEL GRUPO FAMILIAR,LIN001,ATENCIÓN INTEGRAL Y MULTIDISCIPLINARIA PARA VICTIMAS DE VIOLENCIA,SER001,CENTRO EMERGENCIA MUJER,81101,CUSCO,PAUCARTAMBO,PAUCARTAMBO,CEM181,PAUCARTAMBO,1.0,142,30.0,112,41,80,21.0,,16.0,,,22.0,,,25.0,,,18.0,,,,,,25.0,,,25.0,,,,,,9.0,,,2.0,,,"6,064"
2015,ENE - DIC,11/01/2016,ENT001,PROGRAMA NACIONAL PARA LA PREVENCIÓN Y ERRADICACIÓN DE LA VIOLENCIA CONTRA LA MUJER E INTEGRANTES DEL GRUPO FAMILIAR,LIN001,ATENCIÓN INTEGRAL Y MULTIDISCIPLINARIA PARA VICTIMAS DE VIOLENCIA,SER001,CENTRO EMERGENCIA MUJER,220701,SAN MARTÍN,PICOTA,PICOTA,CEM182,PICOTA,1.0,242,30.0,212,129,100,13.0,,8.0,,,29.0,,,36.0,,,36.0,,,,,,54.0,,,37.0,,,,,,28.0,,,14.0,,,"7,035"
2015,ENE - DIC,11/01/2016,ENT001,PROGRAMA NACIONAL PARA LA PREVENCIÓN Y ERRADICACIÓN DE LA VIOLENCIA CONTRA LA MUJER E INTEGRANTES DEL GRUPO FAMILIAR,LIN001,ATENCIÓN INTEGRAL Y MULTIDISCIPLINARIA PARA VICTIMAS DE VIOLENCIA,SER001,CENTRO EMERGENCIA MUJER,130801,LA LIBERTAD,PATAZ,TAYABAMBA,CEM183,PATAZ,1.0,151,25.0,126,43,86,22.0,,17.0,,,31.0,,,15.0,,,25.0,,,,,,25.0,,,19.0,,,,,,16.0,,,3.0,,,"2,720"
2015,ENE - DIC,11/01/2016,ENT001,PROGRAMA NACIONAL PARA LA PREVENCIÓN Y ERRADICACIÓN DE LA VIOLENCIA CONTRA LA MUJER E INTEGRANTES DEL GRUPO FAMILIAR,LIN001,ATENCIÓN INTEGRAL Y MULTIDISCIPLINARIA PARA VICTIMAS DE VIOLENCIA,SER001,CENTRO EMERGENCIA MUJER,101001,HUÁNUCO,LAURICOCHA,JESÚS,CEM184,LAURICOCHA,1.0,142,27.0,115,73,55,14.0,,9.0,,,20.0,,,16.0,,,17.0,,,,,,24.0,,,19.0,,,,,,23.0,,,14.0,,,"7,228"
2015,ENE - DIC,11/01/2016,ENT001,PROGRAMA NACIONAL PARA LA PREVENCIÓN Y ERRADICACIÓN DE LA VIOLENCIA CONTRA LA MUJER E INTEGRANTES DEL GRUPO FAMILIAR,LIN001,ATENCIÓN INTEGRAL Y MULTIDISCIPLINARIA PARA VICTIMAS DE VIOLENCIA,SER001,CENTRO EMERGENCIA MUJER,80501,CUSCO,CANAS,YANAOCA,CEM185,CANAS,1.0,152,28.0,124,83,56,13.0,,11.0,,,19.0,,,25.0,,,24.0,,,,,,28.0,,,21.0,,,,,,16.0,,,8.0,,,"5,035"
2015,ENE - DIC,11/01/2016,ENT001,PROGRAMA NACIONAL PARA LA PREVENCIÓN Y ERRADICACIÓN DE LA VIOLENCIA CONTRA LA MUJER E INTEGRANTES DEL GRUPO FAMILIAR,LIN001,ATENCIÓN INTEGRAL Y MULTIDISCIPLINARIA PARA VICTIMAS DE VIOLENCIA,SER001,CENTRO EMERGENCIA MUJER,10601,AMAZONAS,RODRÍGUEZ DE MENDOZA,SAN NICOLAS,CEM186,RODRÍGUEZ DE MENDOZA,1.0,108,11.0,97,50,35,23.0,,6.0,,,18.0,,,10.0,,,11.0,,,,,,27.0,,,18.0,,,,,,11.0,,,7.0,,,"5,002"
2015,ENE - DIC,11/01/2016,ENT001,PROGRAMA NACIONAL PARA LA PREVENCIÓN Y ERRADICACIÓN DE LA VIOLENCIA CONTRA LA MUJER E INTEGRANTES DEL GRUPO FAMILIAR,LIN001,ATENCIÓN INTEGRAL Y MULTIDISCIPLINARIA PARA VICTIMAS DE VIOLENCIA,SER001,CENTRO EMERGENCIA MUJER,180201,MOQUEGUA,GENERAL SÁNCHEZ CERRO,OMATE,CEM187,GENERAL SANCHEZ CERRO,1.0,84,19.0,65,35,44,5.0,,4.0,,,16.0,,,17.0,,,6.0,,,,,,17.0,,,13.0,,,,,,8.0,,,3.0,,,"5,467"
2015,ENE - DIC,11/01/2016,ENT001,PROGRAMA NACIONAL PARA LA PREVENCIÓN Y ERRADICACIÓN DE LA VIOLENCIA CONTRA LA MUJER E INTEGRANTES DEL GRUPO FAMILIAR,LIN001,ATENCIÓN INTEGRAL Y MULTIDISCIPLINARIA PARA VICTIMAS DE VIOLENCIA,SER001,CENTRO EMERGENCIA MUJER,101101,HUÁNUCO,YAROWILCA,CHAVINILLO,CEM188,YAROWILCA,1.0,101,14.0,87,53,33,15.0,,1.0,,,5.0,,,23.0,,,9.0,,,,,,21.0,,,22.0,,,,,,16.0,,,4.0,,,"2,115"
2015,ENE - DIC,11/01/2016,ENT001,PROGRAMA NACIONAL PARA LA PREVENCIÓN Y ERRADICACIÓN DE LA VIOLENCIA CONTRA LA MUJER E INTEGRANTES DEL GRUPO FAMILIAR,LIN001,ATENCIÓN INTEGRAL Y MULTIDISCIPLINARIA PARA VICTIMAS DE VIOLENCIA,SER001,CENTRO EMERGENCIA MUJER,130501,LA LIBERTAD,JULCÁN,JULCÁN,CEM189,JULCÁN,1.0,110,22.0,88,52,54,4.0,,18.0,,,17.0,,,12.0,,,23.0,,,,,,18.0,,,16.0,,,,,,3.0,,,3.0,,,"4,165"
2015,ENE - DIC,11/01/2016,ENT001,PROGRAMA NACIONAL PARA LA PREVENCIÓN Y ERRADICACIÓN DE LA VIOLENCIA CONTRA LA MUJER E INTEGRANTES DEL GRUPO FAMILIAR,LIN001,ATENCIÓN INTEGRAL Y MULTIDISCIPLINARIA PARA VICTIMAS DE VIOLENCIA,SER001,CENTRO EMERGENCIA MUJER,220301,SAN MARTÍN,EL DORADO,SAN JOSÉ DE SISA,CEM190,EL DORADO,1.0,162,26.0,136,72,78,12.0,,9.0,,,24.0,,,24.0,,,28.0,,,,,,39.0,,,26.0,,,,,,7.0,,,5.0,,,"2,833"
2015,ENE - DIC,11/01/2016,ENT001,PROGRAMA NACIONAL PARA LA PREVENCIÓN Y ERRADICACIÓN DE LA VIOLENCIA CONTRA LA MUJER E INTEGRANTES DEL GRUPO FAMILIAR,LIN001,ATENCIÓN INTEGRAL Y MULTIDISCIPLINARIA PARA VICTIMAS DE VIOLENCIA,SER001,CENTRO EMERGENCIA MUJER,61101,CAJAMARCA,SAN MIGUEL,SAN MIGUEL,CEM191,SAN MIGUEL,1.0,72,12.0,60,31,30,11.0,,2.0,,,8.0,,,17.0,,,12.0,,,,,,14.0,,,13.0,,,,,,6.0,,,0.0,,,"2,748"
2015,ENE - DIC,11/01/2016,ENT001,PROGRAMA NACIONAL PARA LA PREVENCIÓN Y ERRADICACIÓN DE LA VIOLENCIA CONTRA LA MUJER E INTEGRANTES DEL GRUPO FAMILIAR,LIN001,ATENCIÓN INTEGRAL Y MULTIDISCIPLINARIA PARA VICTIMAS DE VIOLENCIA,SER001,CENTRO EMERGENCIA MUJER,61001,CAJAMARCA,SAN MARCOS,PEDRO GALVEZ,CEM192,SAN MARCOS,1.0,199,34.0,165,114,75,10.0,,9.0,,,32.0,,,20.0,,,32.0,,,,,,36.0,,,39.0,,,,,,25.0,,,6.0,,,"4,326"
2015,ENE - DIC,11/01/2016,ENT001,PROGRAMA NACIONAL PARA LA PREVENCIÓN Y ERRADICACIÓN DE LA VIOLENCIA CONTRA LA MUJER E INTEGRANTES DEL GRUPO FAMILIAR,LIN001,ATENCIÓN INTEGRAL Y MULTIDISCIPLINARIA PARA VICTIMAS DE VIOLENCIA,SER001,CENTRO EMERGENCIA MUJER,40401,AREQUIPA,CASTILLA,APLAO,CEM193,CASTILLA,1.0,117,8.0,109,65,48,4.0,,3.0,,,5.0,,,17.0,,,10.0,,,,,,35.0,,,29.0,,,,,,16.0,,,2.0,,,"6,203"
2015,ENE - DIC,11/01/2016,ENT001,PROGRAMA NACIONAL PARA LA PREVENCIÓN Y ERRADICACIÓN DE LA VIOLENCIA CONTRA LA MUJER E INTEGRANTES DEL GRUPO FAMILIAR,LIN001,ATENCIÓN INTEGRAL Y MULTIDISCIPLINARIA PARA VICTIMAS DE VIOLENCIA,SER001,CENTRO EMERGENCIA MUJER,40301,AREQUIPA,CARAVELI,CARAVELI,CEM194,CARAVELI,1.0,128,21.0,107,44,68,16.0,,9.0,,,17.0,,,13.0,,,17.0,,,,,,26.0,,,24.0,,,,,,20.0,,,2.0,,,"2,221"
2015,ENE - DIC,11/01/2016,ENT001,PROGRAMA NACIONAL PARA LA PREVENCIÓN Y ERRADICACIÓN DE LA VIOLENCIA CONTRA LA MUJER E INTEGRANTES DEL GRUPO FAMILIAR,LIN001,ATENCIÓN INTEGRAL Y MULTIDISCIPLINARIA PARA VICTIMAS DE VIOLENCIA,SER001,CENTRO EMERGENCIA MUJER,20501,ÁNCASH,BOLOGNESI,CHIQUIAN,CEM195,BOLOGNESI,1.0,184,30.0,154,144,38,2.0,,13.0,,,33.0,,,24.0,,,14.0,,,,,,38.0,,,26.0,,,,,,23.0,,,13.0,,,"2,292"
2015,ENE - DIC,11/01/2016,ENT001,PROGRAMA NACIONAL PARA LA PREVENCIÓN Y ERRADICACIÓN DE LA VIOLENCIA CONTRA LA MUJER E INTEGRANTES DEL GRUPO FAMILIAR,LIN001,ATENCIÓN INTEGRAL Y MULTIDISCIPLINARIA PARA VICTIMAS DE VIOLENCIA,SER001,CENTRO EMERGENCIA MUJER,21901,ÁNCASH,SIHUAS,SIHUAS,CEM196,SIHUAS,1.0,135,29.0,106,63,58,14.0,,6.0,,,19.0,,,19.0,,,15.0,,,,,,24.0,,,37.0,,,,,,13.0,,,2.0,,,"5,352"
2015,ENE - DIC,11/01/2016,ENT001,PROGRAMA NACIONAL PARA LA PREVENCIÓN Y ERRADICACIÓN DE LA VIOLENCIA CONTRA LA MUJER E INTEGRANTES DEL GRUPO FAMILIAR,LIN001,ATENCIÓN INTEGRAL Y MULTIDISCIPLINARIA PARA VICTIMAS DE VIOLENCIA,SER001,CENTRO EMERGENCIA MUJER,21501,ÁNCASH,PALLASCA,CABANA,CEM197,PALLASCA,1.0,130,39.0,91,53,69,8.0,,23.0,,,30.0,,,21.0,,,11.0,,,,,,21.0,,,11.0,,,,,,10.0,,,3.0,,,"4,261"
2015,ENE - DIC,11/01/2016,ENT001,PROGRAMA NACIONAL PARA LA PREVENCIÓN Y ERRADICACIÓN DE LA VIOLENCIA CONTRA LA MUJER E INTEGRANTES DEL GRUPO FAMILIAR,LIN001,ATENCIÓN INTEGRAL Y MULTIDISCIPLINARIA PARA VICTIMAS DE VIOLENCIA,SER001,CENTRO EMERGENCIA MUJER,130102,LA LIBERTAD,TRUJILLO,EL PORVENIR,CEM198,EL PORVENIR,1.0,222,11.0,211,70,134,18.0,,7.0,,,11.0,,,17.0,,,56.0,,,,,,67.0,,,49.0,,,,,,11.0,,,4.0,,,"3,280"
2015,ENE - DIC,11/01/2016,ENT001,PROGRAMA NACIONAL PARA LA PREVENCIÓN Y ERRADICACIÓN DE LA VIOLENCIA CONTRA LA MUJER E INTEGRANTES DEL GRUPO FAMILIAR,LIN001,ATENCIÓN INTEGRAL Y MULTIDISCIPLINARIA PARA VICTIMAS DE VIOLENCIA,SER001,CENTRO EMERGENCIA MUJER,80902,CUSCO,LA CONVENCIÓN,ECHARATE,CEM199,ECHARATI,1.0,134,11.0,123,44,78,12.0,,1.0,,,19.0,,,13.0,,,15.0,,,,,,44.0,,,20.0,,,,,,17.0,,,5.0,,,"1,932"
2015,ENE - DIC,11/01/2016,ENT001,PROGRAMA NACIONAL PARA LA PREVENCIÓN Y ERRADICACIÓN DE LA VIOLENCIA CONTRA LA MUJER E INTEGRANTES DEL GRUPO FAMILIAR,LIN001,ATENCIÓN INTEGRAL Y MULTIDISCIPLINARIA PARA VICTIMAS DE VIOLENCIA,SER001,CENTRO EMERGENCIA MUJER,21301,ÁNCASH,MARISCAL LUZURIAGA,PISCOBAMBA,CEM200,MARISCAL LUZURIAGA,1.0,95,7.0,88,69,20,6.0,,1.0,,,10.0,,,14.0,,,14.0,,,,,,24.0,,,17.0,,,,,,11.0,,,4.0,,,"1,120"
2015,ENE - DIC,11/01/2016,ENT001,PROGRAMA NACIONAL PARA LA PREVENCIÓN Y ERRADICACIÓN DE LA VIOLENCIA CONTRA LA MUJER E INTEGRANTES DEL GRUPO FAMILIAR,LIN001,ATENCIÓN INTEGRAL Y MULTIDISCIPLINARIA PARA VICTIMAS DE VIOLENCIA,SER001,CENTRO EMERGENCIA MUJER,40601,AREQUIPA,CONDESUYOS,CHUQUIBAMBA,CEM201,CONDESUYOS,1.0,58,7.0,51,18,36,4.0,,5.0,,,5.0,,,12.0,,,3.0,,,,,,7.0,,,12.0,,,,,,9.0,,,5.0,,,"3,068"
2015,ENE - DIC,11/01/2016,ENT001,PROGRAMA NACIONAL PARA LA PREVENCIÓN Y ERRADICACIÓN DE LA VIOLENCIA CONTRA LA MUJER E INTEGRANTES DEL GRUPO FAMILIAR,LIN001,ATENCIÓN INTEGRAL Y MULTIDISCIPLINARIA PARA VICTIMAS DE VIOLENCIA,SER001,CENTRO EMERGENCIA MUJER,220401,SAN MARTÍN,HUALLAGA,SAPOSOA,CEM202,HUALLAGA,1.0,202,33.0,169,81,96,25.0,,23.0,,,41.0,,,38.0,,,36.0,,,,,,28.0,,,12.0,,,,,,16.0,,,8.0,,,"2,649"
2015,ENE - DIC,11/01/2016,ENT001,PROGRAMA NACIONAL PARA LA PREVENCIÓN Y ERRADICACIÓN DE LA VIOLENCIA CONTRA LA MUJER E INTEGRANTES DEL GRUPO FAMILIAR,LIN001,ATENCIÓN INTEGRAL Y MULTIDISCIPLINARIA PARA VICTIMAS DE VIOLENCIA,SER001,CENTRO EMERGENCIA MUJER,211301,PUNO,YUNGUYO,YUNGUYO,CEM203,YUNGUYO,1.0,144,14.0,130,56,66,22.0,,5.0,,,12.0,,,5.0,,,21.0,,,,,,43.0,,,31.0,,,,,,16.0,,,11.0,,,"8,263"
2015,ENE - DIC,11/01/2016,ENT001,PROGRAMA NACIONAL PARA LA PREVENCIÓN Y ERRADICACIÓN DE LA VIOLENCIA CONTRA LA MUJER E INTEGRANTES DEL GRUPO FAMILIAR,LIN001,ATENCIÓN INTEGRAL Y MULTIDISCIPLINARIA PARA VICTIMAS DE VIOLENCIA,SER001,CENTRO EMERGENCIA MUJER,30401,APURÍMAC,AYMARAES,CHALHUANCA,CEM204,AYMARAES,1.0,132,26.0,106,63,59,10.0,,2.0,,,15.0,,,20.0,,,11.0,,,,,,40.0,,,24.0,,,,,,13.0,,,7.0,,,"5,880"
2015,ENE - DIC,11/01/2016,ENT001,PROGRAMA NACIONAL PARA LA PREVENCIÓN Y ERRADICACIÓN DE LA VIOLENCIA CONTRA LA MUJER E INTEGRANTES DEL GRUPO FAMILIAR,LIN001,ATENCIÓN INTEGRAL Y MULTIDISCIPLINARIA PARA VICTIMAS DE VIOLENCIA,SER001,CENTRO EMERGENCIA MUJER,20401,ÁNCASH,ASUNCIÓN,CHACAS,CEM205,ASUNCION,1.0,148,26.0,122,97,42,9.0,,7.0,,,22.0,,,17.0,,,11.0,,,,,,24.0,,,32.0,,,,,,21.0,,,14.0,,,"3,439"
2015,ENE - DIC,11/01/2016,ENT001,PROGRAMA NACIONAL PARA LA PREVENCIÓN Y ERRADICACIÓN DE LA VIOLENCIA CONTRA LA MUJER E INTEGRANTES DEL GRUPO FAMILIAR,LIN001,ATENCIÓN INTEGRAL Y MULTIDISCIPLINARIA PARA VICTIMAS DE VIOLENCIA,SER001,CENTRO EMERGENCIA MUJER,61201,CAJAMARCA,SAN PABLO,SAN PABLO,CEM206,SAN PABLO,1.0,90,20.0,70,40,43,7.0,,6.0,,,14.0,,,11.0,,,9.0,,,,,,15.0,,,12.0,,,,,,12.0,,,11.0,,,"1,579"
2015,ENE - DIC,11/01/2016,ENT001,PROGRAMA NACIONAL PARA LA PREVENCIÓN Y ERRADICACIÓN DE LA VIOLENCIA CONTRA LA MUJER E INTEGRANTES DEL GRUPO FAMILIAR,LIN001,ATENCIÓN INTEGRAL Y MULTIDISCIPLINARIA PARA VICTIMAS DE VIOLENCIA,SER001,CENTRO EMERGENCIA MUJER,150901,LIMA PROVINCIAS,OYÓN,OYÓN,CEM207,OYON,1.0,138,20.0,118,35,94,9.0,,4.0,,,11.0,,,15.0,,,26.0,,,,,,35.0,,,27.0,,,,,,14.0,,,6.0,,,"4,391"
2015,ENE - DIC,11/01/2016,ENT001,PROGRAMA NACIONAL PARA LA PREVENCIÓN Y ERRADICACIÓN DE LA VIOLENCIA CONTRA LA MUJER E INTEGRANTES DEL GRUPO FAMILIAR,LIN001,ATENCIÓN INTEGRAL Y MULTIDISCIPLINARIA PARA VICTIMAS DE VIOLENCIA,SER001,CENTRO EMERGENCIA MUJER,80201,CUSCO,ACOMAYO,ACOMAYO,CEM208,ACOMAYO,1.0,190,27.0,163,75,100,15.0,,11.0,,,32.0,,,20.0,,,16.0,,,,,,43.0,,,37.0,,,,,,20.0,,,11.0,,,"3,268"
2015,ENE - DIC,11/01/2016,ENT001,PROGRAMA NACIONAL PARA LA PREVENCIÓN Y ERRADICACIÓN DE LA VIOLENCIA CONTRA LA MUJER E INTEGRANTES DEL GRUPO FAMILIAR,LIN001,ATENCIÓN INTEGRAL Y MULTIDISCIPLINARIA PARA VICTIMAS DE VIOLENCIA,SER001,CENTRO EMERGENCIA MUJER,100701,HUÁNUCO,MARAÑON,HUACRACHUCO,CEM209,MARAÑON,1.0,27,1.0,26,10,16,1.0,,0.0,,,1.0,,,4.0,,,6.0,,,,,,8.0,,,3.0,,,,,,3.0,,,2.0,,,255
2015,ENE - DIC,11/01/2016,ENT001,PROGRAMA NACIONAL PARA LA PREVENCIÓN Y ERRADICACIÓN DE LA VIOLENCIA CONTRA LA MUJER E INTEGRANTES DEL GRUPO FAMILIAR,LIN001,ATENCIÓN INTEGRAL Y MULTIDISCIPLINARIA PARA VICTIMAS DE VIOLENCIA,SER001,CENTRO EMERGENCIA MUJER,150139,LIMA METROPOLITANA,LIMA,SANTA ROSA,CEM210,SANTA ROSA,1.0,216,18.0,198,127,60,29.0,,6.0,,,16.0,,,33.0,,,30.0,,,,,,55.0,,,52.0,,,,,,18.0,,,6.0,,,"3,269"
2015,ENE - DIC,11/01/2016,ENT001,PROGRAMA NACIONAL PARA LA PREVENCIÓN Y ERRADICACIÓN DE LA VIOLENCIA CONTRA LA MUJER E INTEGRANTES DEL GRUPO FAMILIAR,LIN001,ATENCIÓN INTEGRAL Y MULTIDISCIPLINARIA PARA VICTIMAS DE VIOLENCIA,SER001,CENTRO EMERGENCIA MUJER,21601,ÁNCASH,POMABAMBA,POMABAMBA,CEM211,POMABAMBA,1.0,154,25.0,129,54,86,14.0,,7.0,,,21.0,,,23.0,,,11.0,,,,,,44.0,,,35.0,,,,,,11.0,,,2.0,,,"3,040"
2015,ENE - DIC,11/01/2016,ENT001,PROGRAMA NACIONAL PARA LA PREVENCIÓN Y ERRADICACIÓN DE LA VIOLENCIA CONTRA LA MUJER E INTEGRANTES DEL GRUPO FAMILIAR,LIN001,ATENCIÓN INTEGRAL Y MULTIDISCIPLINARIA PARA VICTIMAS DE VIOLENCIA,SER001,CENTRO EMERGENCIA MUJER,230401,TACNA,TARATA,TARATA,CEM212,TARATA,1.0,68,10.0,58,36,28,4.0,,3.0,,,8.0,,,10.0,,,7.0,,,,,,12.0,,,11.0,,,,,,14.0,,,3.0,,,"1,661"
2015,ENE - DIC,11/01/2016,ENT001,PROGRAMA NACIONAL PARA LA PREVENCIÓN Y ERRADICACIÓN DE LA VIOLENCIA CONTRA LA MUJER E INTEGRANTES DEL GRUPO FAMILIAR,LIN001,ATENCIÓN INTEGRAL Y MULTIDISCIPLINARIA PARA VICTIMAS DE VIOLENCIA,SER001,CENTRO EMERGENCIA MUJER,240201,TUMBES,CONTRALMIRANTE VILLAR,ZORRITOS,CEM213,CONTRALMIRANTE VILLAR,1.0,145,38.0,107,107,37,1.0,,15.0,,,31.0,,,23.0,,,15.0,,,,,,31.0,,,20.0,,,,,,8.0,,,2.0,,,"3,044"
2015,ENE - DIC,11/01/2016,ENT001,PROGRAMA NACIONAL PARA LA PREVENCIÓN Y ERRADICACIÓN DE LA VIOLENCIA CONTRA LA MUJER E INTEGRANTES DEL GRUPO FAMILIAR,LIN001,ATENCIÓN INTEGRAL Y MULTIDISCIPLINARIA PARA VICTIMAS DE VIOLENCIA,SER001,CENTRO EMERGENCIA MUJER,150401,LIMA PROVINCIAS,CANTA,CANTA,CEM214,CANTA,1.0,86,20.0,66,47,32,7.0,,5.0,,,13.0,,,12.0,,,10.0,,,,,,20.0,,,8.0,,,,,,14.0,,,4.0,,,"2,372"
2015,ENE - DIC,11/01/2016,ENT001,PROGRAMA NACIONAL PARA LA PREVENCIÓN Y ERRADICACIÓN DE LA VIOLENCIA CONTRA LA MUJER E INTEGRANTES DEL GRUPO FAMILIAR,LIN001,ATENCIÓN INTEGRAL Y MULTIDISCIPLINARIA PARA VICTIMAS DE VIOLENCIA,SER001,CENTRO EMERGENCIA MUJER,110401,ICA,PALPA,PALPA,CEM215,PALPA,1.0,137,33.0,104,65,58,14.0,,19.0,,,40.0,,,26.0,,,10.0,,,,,,23.0,,,6.0,,,,,,8.0,,,5.0,,,"11,199"
2015,ENE - DIC,11/01/2016,ENT001,PROGRAMA NACIONAL PARA LA PREVENCIÓN Y ERRADICACIÓN DE LA VIOLENCIA CONTRA LA MUJER E INTEGRANTES DEL GRUPO FAMILIAR,LIN001,ATENCIÓN INTEGRAL Y MULTIDISCIPLINARIA PARA VICTIMAS DE VIOLENCIA,SER001,CENTRO EMERGENCIA MUJER,210901,PUNO,MOHO,MOHO,CEM216,MOHO,1.0,100,10.0,90,39,57,4.0,,0.0,,,1.0,,,5.0,,,5.0,,,,,,33.0,,,23.0,,,,,,16.0,,,17.0,,,"3,833"
2015,ENE - DIC,11/01/2016,ENT001,PROGRAMA NACIONAL PARA LA PREVENCIÓN Y ERRADICACIÓN DE LA VIOLENCIA CONTRA LA MUJER E INTEGRANTES DEL GRUPO FAMILIAR,LIN001,ATENCIÓN INTEGRAL Y MULTIDISCIPLINARIA PARA VICTIMAS DE VIOLENCIA,SER001,CENTRO EMERGENCIA MUJER,100401,HUÁNUCO,HUACAYBAMBA,HUACAYBAMBA,CEM217,HUACAYBAMBA,1.0,30,2.0,28,5,17,8.0,,3.0,,,2.0,,,4.0,,,6.0,,,,,,6.0,,,9.0,,,,,,0.0,,,0.0,,,277
2015,ENE - DIC,11/01/2016,ENT001,PROGRAMA NACIONAL PARA LA PREVENCIÓN Y ERRADICACIÓN DE LA VIOLENCIA CONTRA LA MUJER E INTEGRANTES DEL GRUPO FAMILIAR,LIN001,ATENCIÓN INTEGRAL Y MULTIDISCIPLINARIA PARA VICTIMAS DE VIOLENCIA,SER001,CENTRO EMERGENCIA MUJER,150301,LIMA PROVINCIAS,CAJATAMBO,CAJATAMBO,CEM218,CAJATAMBO,1.0,33,8.0,25,19,10,4.0,,0.0,,,8.0,,,5.0,,,4.0,,,,,,5.0,,,3.0,,,,,,6.0,,,2.0,,,781
2015,ENE - DIC,11/01/2016,ENT001,PROGRAMA NACIONAL PARA LA PREVENCIÓN Y ERRADICACIÓN DE LA VIOLENCIA CONTRA LA MUJER E INTEGRANTES DEL GRUPO FAMILIAR,LIN001,ATENCIÓN INTEGRAL Y MULTIDISCIPLINARIA PARA VICTIMAS DE VIOLENCIA,SER001,CENTRO EMERGENCIA MUJER,20701,ÁNCASH,CARLOS FERMIN FITZCARRALD,SAN LUIS,CEM219,CARLOS FERMIN FITZCARRALD,1.0,77,8.0,69,24,33,20.0,,0.0,,,11.0,,,15.0,,,4.0,,,,,,18.0,,,19.0,,,,,,5.0,,,5.0,,,"1,161"
2015,ENE - DIC,11/01/2016,ENT001,PROGRAMA NACIONAL PARA LA PREVENCIÓN Y ERRADICACIÓN DE LA VIOLENCIA CONTRA LA MUJER E INTEGRANTES DEL GRUPO FAMILIAR,LIN001,ATENCIÓN INTEGRAL Y MULTIDISCIPLINARIA PARA VICTIMAS DE VIOLENCIA,SER001,CENTRO EMERGENCIA MUJER,20301,ÁNCASH,ANTONIO RAYMONDI,LLAMELLIN,CEM220,ANTONIO RAYMONDI,1.0,134,21.0,113,30,99,5.0,,8.0,,,16.0,,,20.0,,,19.0,,,,,,30.0,,,18.0,,,,,,19.0,,,4.0,,,"2,823"
2015,ENE - DIC,11/01/2016,ENT001,PROGRAMA NACIONAL PARA LA PREVENCIÓN Y ERRADICACIÓN DE LA VIOLENCIA CONTRA LA MUJER E INTEGRANTES DEL GRUPO FAMILIAR,LIN001,ATENCIÓN INTEGRAL Y MULTIDISCIPLINARIA PARA VICTIMAS DE VIOLENCIA,SER001,CENTRO EMERGENCIA MUJER,61301,CAJAMARCA,SANTA CRUZ,SANTA CRUZ,CEM221,SANTA CRUZ,1.0,98,9.0,89,43,45,10.0,,3.0,,,8.0,,,19.0,,,11.0,,,,,,19.0,,,21.0,,,,,,15.0,,,2.0,,,"1,672"
2015,ENE - DIC,11/01/2016,ENT001,PROGRAMA NACIONAL PARA LA PREVENCIÓN Y ERRADICACIÓN DE LA VIOLENCIA CONTRA LA MUJER E INTEGRANTES DEL GRUPO FAMILIAR,LIN001,ATENCIÓN INTEGRAL Y MULTIDISCIPLINARIA PARA VICTIMAS DE VIOLENCIA,SER001,CENTRO EMERGENCIA MUJER,40801,AREQUIPA,LA UNIÓN,COTAHUASI,CEM222,LA UNION,1.0,123,12.0,111,56,54,13.0,,4.0,,,9.0,,,19.0,,,12.0,,,,,,21.0,,,35.0,,,,,,18.0,,,5.0,,,"3,580"
2015,ENE - DIC,11/01/2016,ENT001,PROGRAMA NACIONAL PARA LA PREVENCIÓN Y ERRADICACIÓN DE LA VIOLENCIA CONTRA LA MUJER E INTEGRANTES DEL GRUPO FAMILIAR,LIN001,ATENCIÓN INTEGRAL Y MULTIDISCIPLINARIA PARA VICTIMAS DE VIOLENCIA,SER001,CENTRO EMERGENCIA MUJER,150118,LIMA METROPOLITANA,LIMA,LURIGANCHO,CEM223,CHOSICA,1.0,327,66.0,261,93,182,52.0,,39.0,,,71.0,,,47.0,,,30.0,,,,,,63.0,,,43.0,,,,,,20.0,,,14.0,,,"6,580"
2015,ENE - DIC,11/01/2016,ENT001,PROGRAMA NACIONAL PARA LA PREVENCIÓN Y ERRADICACIÓN DE LA VIOLENCIA CONTRA LA MUJER E INTEGRANTES DEL GRUPO FAMILIAR,LIN001,ATENCIÓN INTEGRAL Y MULTIDISCIPLINARIA PARA VICTIMAS DE VIOLENCIA,SER001,CENTRO EMERGENCIA MUJER,150109,LIMA METROPOLITANA,LIMA,CIENEGUILLA,CEM224,CIENEGUILLA,1.0,128,22.0,106,72,46,10.0,,5.0,,,23.0,,,19.0,,,18.0,,,,,,27.0,,,24.0,,,,,,10.0,,,2.0,,,"4,390"
2015,ENE - DIC,11/01/2016,ENT001,PROGRAMA NACIONAL PARA LA PREVENCIÓN Y ERRADICACIÓN DE LA VIOLENCIA CONTRA LA MUJER E INTEGRANTES DEL GRUPO FAMILIAR,LIN001,ATENCIÓN INTEGRAL Y MULTIDISCIPLINARIA PARA VICTIMAS DE VIOLENCIA,SER001,CENTRO EMERGENCIA MUJER,21701,ÁNCASH,RECUAY,RECUAY,CEM225,RECUAY,1.0,111,20.0,91,44,58,9.0,,3.0,,,22.0,,,8.0,,,17.0,,,,,,18.0,,,23.0,,,,,,12.0,,,8.0,,,"2,463"
2015,ENE - DIC,11/01/2016,ENT001,PROGRAMA NACIONAL PARA LA PREVENCIÓN Y ERRADICACIÓN DE LA VIOLENCIA CONTRA LA MUJER E INTEGRANTES DEL GRUPO FAMILIAR,LIN001,ATENCIÓN INTEGRAL Y MULTIDISCIPLINARIA PARA VICTIMAS DE VIOLENCIA,SER001,CENTRO EMERGENCIA MUJER,160107,LORETO,MAYNAS,NAPO,CEM226,NAPO,1.0,39,5.0,34,7,27,5.0,,3.0,,,10.0,,,4.0,,,5.0,,,,,,10.0,,,5.0,,,,,,2.0,,,0.0,,,222
2015,ENE - DIC,11/01/2016,ENT001,PROGRAMA NACIONAL PARA LA PREVENCIÓN Y ERRADICACIÓN DE LA VIOLENCIA CONTRA LA MUJER E INTEGRANTES DEL GRUPO FAMILIAR,LIN001,ATENCIÓN INTEGRAL Y MULTIDISCIPLINARIA PARA VICTIMAS DE VIOLENCIA,SER001,CENTRO EMERGENCIA MUJER,20201,ÁNCASH,AIJA,AIJA,CEM227,AIJA,1.0,38,1.0,37,20,14,4.0,,1.0,,,3.0,,,5.0,,,12.0,,,,,,3.0,,,5.0,,,,,,6.0,,,3.0,,,839
2015,ENE - DIC,11/01/2016,ENT001,PROGRAMA NACIONAL PARA LA PREVENCIÓN Y ERRADICACIÓN DE LA VIOLENCIA CONTRA LA MUJER E INTEGRANTES DEL GRUPO FAMILIAR,LIN001,ATENCIÓN INTEGRAL Y MULTIDISCIPLINARIA PARA VICTIMAS DE VIOLENCIA,SER001,CENTRO EMERGENCIA MUJER,21401,ÁNCASH,OCROS,OCROS,CEM228,OCROS,1.0,44,17.0,27,29,11,4.0,,6.0,,,8.0,,,8.0,,,1.0,,,,,,2.0,,,5.0,,,,,,6.0,,,8.0,,,525
2015,ENE - DIC,11/01/2016,ENT001,PROGRAMA NACIONAL PARA LA PREVENCIÓN Y ERRADICACIÓN DE LA VIOLENCIA CONTRA LA MUJER E INTEGRANTES DEL GRUPO FAMILIAR,LIN001,ATENCIÓN INTEGRAL Y MULTIDISCIPLINARIA PARA VICTIMAS DE VIOLENCIA,SER001,CENTRO EMERGENCIA MUJER,130301,LA LIBERTAD,BOLIVAR,BOLIVAR,CEM229,BOLIVAR,1.0,46,6.0,40,22,17,7.0,,1.0,,,7.0,,,11.0,,,5.0,,,,,,6.0,,,12.0,,,,,,1.0,,,3.0,,,714
2015,ENE - DIC,11/01/2016,ENT001,PROGRAMA NACIONAL PARA LA PREVENCIÓN Y ERRADICACIÓN DE LA VIOLENCIA CONTRA LA MUJER E INTEGRANTES DEL GRUPO FAMILIAR,LIN001,ATENCIÓN INTEGRAL Y MULTIDISCIPLINARIA PARA VICTIMAS DE VIOLENCIA,SER001,CENTRO EMERGENCIA MUJER,81001,CUSCO,PARURO,PARURO,CEM230,PARURO,1.0,83,10.0,73,38,38,7.0,,4.0,,,5.0,,,14.0,,,8.0,,,,,,16.0,,,17.0,,,,,,16.0,,,3.0,,,"1,708"
2015,ENE - DIC,11/01/2016,ENT001,PROGRAMA NACIONAL PARA LA PREVENCIÓN Y ERRADICACIÓN DE LA VIOLENCIA CONTRA LA MUJER E INTEGRANTES DEL GRUPO FAMILIAR,LIN001,ATENCIÓN INTEGRAL Y MULTIDISCIPLINARIA PARA VICTIMAS DE VIOLENCIA,SER001,CENTRO EMERGENCIA MUJER,250401,UCAYALI,PURÚS,PURÚS,CEM231,PURUS,1.0,0,0.0,0,0,0,0.0,,0.0,,,0.0,,,0.0,,,0.0,,,,,,0.0,,,0.0,,,,,,0.0,,,0.0,,,0
2015,ENE - DIC,11/01/2016,ENT001,PROGRAMA NACIONAL PARA LA PREVENCIÓN Y ERRADICACIÓN DE LA VIOLENCIA CONTRA LA MUJER E INTEGRANTES DEL GRUPO FAMILIAR,LIN001,ATENCIÓN INTEGRAL Y MULTIDISCIPLINARIA PARA VICTIMAS DE VIOLENCIA,SER001,CENTRO EMERGENCIA MUJER,10301,AMAZONAS,BONGARÁ,JUMBILLA,CEM232,BONGARÁ,1.0,43,10.0,33,5,34,4.0,,0.0,,,7.0,,,9.0,,,5.0,,,,,,5.0,,,8.0,,,,,,8.0,,,1.0,,,499
2015,ENE - DIC,11/01/2016,ENT001,PROGRAMA NACIONAL PARA LA PREVENCIÓN Y ERRADICACIÓN DE LA VIOLENCIA CONTRA LA MUJER E INTEGRANTES DEL GRUPO FAMILIAR,LIN001,ATENCIÓN INTEGRAL Y MULTIDISCIPLINARIA PARA VICTIMAS DE VIOLENCIA,SER001,CENTRO EMERGENCIA MUJER,160801,LORETO,PUTUMAYO,PUTUMAYO,CEM233,PUTUMAYO,1.0,50,12.0,38,17,27,6.0,,7.0,,,16.0,,,11.0,,,1.0,,,,,,8.0,,,3.0,,,,,,4.0,,,0.0,,,728
2015,ENE - DIC,11/01/2016,ENT001,PROGRAMA NACIONAL PARA LA PREVENCIÓN Y ERRADICACIÓN DE LA VIOLENCIA CONTRA LA MUJER E INTEGRANTES DEL GRUPO FAMILIAR,LIN001,ATENCIÓN INTEGRAL Y MULTIDISCIPLINARIA PARA VICTIMAS DE VIOLENCIA,SER001,CENTRO EMERGENCIA MUJER,20901,ÁNCASH,CORONGO,CORONGO,CEM234,CORONGO,1.0,31,5.0,26,13,7,11.0,,3.0,,,12.0,,,4.0,,,0.0,,,,,,6.0,,,6.0,,,,,,0.0,,,0.0,,,748
2015,ENE - DIC,11/01/2016,ENT001,PROGRAMA NACIONAL PARA LA PREVENCIÓN Y ERRADICACIÓN DE LA VIOLENCIA CONTRA LA MUJER E INTEGRANTES DEL GRUPO FAMILIAR,LIN001,ATENCIÓN INTEGRAL Y MULTIDISCIPLINARIA PARA VICTIMAS DE VIOLENCIA,SER001,CENTRO EMERGENCIA MUJER,120303,JUNÍN,CHANCHAMAYO,PICHANAQUI,CEM235,PICHANAQUI,1.0,135,8.0,127,37,64,34.0,,8.0,,,17.0,,,20.0,,,21.0,,,,,,38.0,,,19.0,,,,,,11.0,,,1.0,,,"2,423"
2015,ENE - DIC,11/01/2016,ENT001,PROGRAMA NACIONAL PARA LA PREVENCIÓN Y ERRADICACIÓN DE LA VIOLENCIA CONTRA LA MUJER E INTEGRANTES DEL GRUPO FAMILIAR,LIN001,ATENCIÓN INTEGRAL Y MULTIDISCIPLINARIA PARA VICTIMAS DE VIOLENCIA,SER001,CENTRO EMERGENCIA MUJER,150132,LIMA METROPOLITANA,LIMA,SAN JUAN DE LURIGANCHO,CEM236,ZARATE,1.0,119,21.0,98,52,45,22.0,,9.0,,,19.0,,,16.0,,,20.0,,,,,,22.0,,,11.0,,,,,,16.0,,,6.0,,,"1,851"
2015,ENE - DIC,11/01/2016,ENT001,PROGRAMA NACIONAL PARA LA PREVENCIÓN Y ERRADICACIÓN DE LA VIOLENCIA CONTRA LA MUJER E INTEGRANTES DEL GRUPO FAMILIAR,LIN001,ATENCIÓN INTEGRAL Y MULTIDISCIPLINARIA PARA VICTIMAS DE VIOLENCIA,SER001,CENTRO EMERGENCIA MUJER,80105,CUSCO,CUSCO,SAN SEBASTIÁN,CEM237,SAN SEBASTIÁN,1.0,261,27.0,234,144,115,2.0,,4.0,,,18.0,,,13.0,,,55.0,,,,,,63.0,,,67.0,,,,,,23.0,,,18.0,,,"2,459"
2015,ENE - DIC,11/01/2016,ENT001,PROGRAMA NACIONAL PARA LA PREVENCIÓN Y ERRADICACIÓN DE LA VIOLENCIA CONTRA LA MUJER E INTEGRANTES DEL GRUPO FAMILIAR,LIN001,ATENCIÓN INTEGRAL Y MULTIDISCIPLINARIA PARA VICTIMAS DE VIOLENCIA,SER001,CENTRO EMERGENCIA MUJER,40520,AREQUIPA,CAYLLOMA,MAJES,CEM238,MAJES,1.0,21,2.0,19,10,9,2.0,,2.0,,,1.0,,,1.0,,,6.0,,,,,,5.0,,,3.0,,,,,,3.0,,,0.0,,,447
